Class number|Class name|Path|Hierarchy|Number
0295|Common Eider (Adult male)|/DATA_init/nabirds/images_128/0295|Birds//Ducks, Geese, and Swans//Common Eider//Common Eider (Adult male)|0
0296|Long-tailed Duck (Winter male)|/DATA_init/nabirds/images_128/0296|Birds//Ducks, Geese, and Swans//Long-tailed Duck//Long-tailed Duck (Winter male)|1
0297|Ruddy Duck (Breeding male)|/DATA_init/nabirds/images_128/0297|Birds//Ducks, Geese, and Swans//Ruddy Duck//Ruddy Duck (Breeding male)|2
0298|Swainson's Hawk (Dark morph )|/DATA_init/nabirds/images_128/0298|Birds//Hawks, Kites, Eagles, and Allies//Swainson's Hawk//Swainson's Hawk (Dark morph )|3
0299|Red-tailed Hawk (Light morph adult)|/DATA_init/nabirds/images_128/0299|Birds//Hawks, Kites, Eagles, and Allies//Red-tailed Hawk//Red-tailed Hawk (Light morph adult)|4
0313|Snow Goose (White morph)|/DATA_init/nabirds/images_128/0313|Birds//Ducks, Geese, and Swans//Snow Goose//Snow Goose (White morph)|5
0314|Wood Duck (Breeding male)|/DATA_init/nabirds/images_128/0314|Birds//Ducks, Geese, and Swans//Wood Duck//Wood Duck (Breeding male)|6
0315|Gadwall (Breeding male)|/DATA_init/nabirds/images_128/0315|Birds//Ducks, Geese, and Swans//Gadwall//Gadwall (Breeding male)|7
0316|American Wigeon (Breeding male)|/DATA_init/nabirds/images_128/0316|Birds//Ducks, Geese, and Swans//American Wigeon//American Wigeon (Breeding male)|8
0317|Mallard (Breeding male)|/DATA_init/nabirds/images_128/0317|Birds//Ducks, Geese, and Swans//Mallard//Mallard (Breeding male)|9
0318|Blue-winged Teal  (Male)|/DATA_init/nabirds/images_128/0318|Birds//Ducks, Geese, and Swans//Blue-winged Teal//Blue-winged Teal  (Male)|10
0319|Cinnamon Teal (Male)|/DATA_init/nabirds/images_128/0319|Birds//Ducks, Geese, and Swans//Cinnamon Teal//Cinnamon Teal (Male)|11
0320|Northern Shoveler (Breeding male)|/DATA_init/nabirds/images_128/0320|Birds//Ducks, Geese, and Swans//Northern Shoveler//Northern Shoveler (Breeding male)|12
0321|Northern Pintail (Breeding male)|/DATA_init/nabirds/images_128/0321|Birds//Ducks, Geese, and Swans//Northern Pintail//Northern Pintail (Breeding male)|13
0322|Green-winged Teal (Male)|/DATA_init/nabirds/images_128/0322|Birds//Ducks, Geese, and Swans//Green-winged Teal//Green-winged Teal (Male)|14
0323|Canvasback (Breeding male)|/DATA_init/nabirds/images_128/0323|Birds//Ducks, Geese, and Swans//Canvasback//Canvasback (Breeding male)|15
0324|Redhead (Breeding male)|/DATA_init/nabirds/images_128/0324|Birds//Ducks, Geese, and Swans//Redhead//Redhead (Breeding male)|16
0325|Ring-necked Duck (Breeding male)|/DATA_init/nabirds/images_128/0325|Birds//Ducks, Geese, and Swans//Ring-necked Duck//Ring-necked Duck (Breeding male)|17
0326|Greater Scaup (Breeding male)|/DATA_init/nabirds/images_128/0326|Birds//Ducks, Geese, and Swans//Greater Scaup//Greater Scaup (Breeding male)|18
0327|Lesser Scaup (Breeding male)|/DATA_init/nabirds/images_128/0327|Birds//Ducks, Geese, and Swans//Lesser Scaup//Lesser Scaup (Breeding male)|19
0328|Harlequin Duck (Male)|/DATA_init/nabirds/images_128/0328|Birds//Ducks, Geese, and Swans//Harlequin Duck//Harlequin Duck (Male)|20
0329|Surf Scoter (Male)|/DATA_init/nabirds/images_128/0329|Birds//Ducks, Geese, and Swans//Surf Scoter//Surf Scoter (Male)|21
0330|White-winged Scoter (Male)|/DATA_init/nabirds/images_128/0330|Birds//Ducks, Geese, and Swans//White-winged Scoter//White-winged Scoter (Male)|22
0331|Black Scoter (Male)|/DATA_init/nabirds/images_128/0331|Birds//Ducks, Geese, and Swans//Black Scoter//Black Scoter (Male)|23
0332|Bufflehead (Breeding male)|/DATA_init/nabirds/images_128/0332|Birds//Ducks, Geese, and Swans//Bufflehead//Bufflehead (Breeding male)|24
0333|Common Goldeneye (Breeding male)|/DATA_init/nabirds/images_128/0333|Birds//Ducks, Geese, and Swans//Common Goldeneye//Common Goldeneye (Breeding male)|25
0334|Barrow's Goldeneye (Breeding male)|/DATA_init/nabirds/images_128/0334|Birds//Ducks, Geese, and Swans//Barrow's Goldeneye//Barrow's Goldeneye (Breeding male)|26
0335|Hooded Merganser (Breeding male)|/DATA_init/nabirds/images_128/0335|Birds//Ducks, Geese, and Swans//Hooded Merganser//Hooded Merganser (Breeding male)|27
0336|Common Merganser (Breeding male)|/DATA_init/nabirds/images_128/0336|Birds//Ducks, Geese, and Swans//Common Merganser//Common Merganser (Breeding male)|28
0337|Red-breasted Merganser (Breeding male)|/DATA_init/nabirds/images_128/0337|Birds//Ducks, Geese, and Swans//Red-breasted Merganser//Red-breasted Merganser (Breeding male)|29
0338|California Quail (Male)|/DATA_init/nabirds/images_128/0338|Birds//Grouse, Quail, and Allies//California Quail//California Quail (Male)|30
0339|Gambel's Quail (Male)|/DATA_init/nabirds/images_128/0339|Birds//Grouse, Quail, and Allies//Gambel's Quail//Gambel's Quail (Male)|31
0340|Ring-necked Pheasant (Male)|/DATA_init/nabirds/images_128/0340|Birds//Grouse, Quail, and Allies//Ring-necked Pheasant//Ring-necked Pheasant (Male)|32
0341|Red-throated Loon (Breeding)|/DATA_init/nabirds/images_128/0341|Birds//Loons//Red-throated Loon//Red-throated Loon (Breeding)|33
0342|Pacific Loon (Breeding)|/DATA_init/nabirds/images_128/0342|Birds//Loons//Pacific Loon//Pacific Loon (Breeding)|34
0343|Common Loon (Breeding)|/DATA_init/nabirds/images_128/0343|Birds//Loons//Common Loon//Common Loon (Breeding)|35
0344|Horned Grebe (Breeding)|/DATA_init/nabirds/images_128/0344|Birds//Grebes//Horned Grebe//Horned Grebe (Breeding)|36
0345|Red-necked Grebe (Breeding)|/DATA_init/nabirds/images_128/0345|Birds//Grebes//Red-necked Grebe//Red-necked Grebe (Breeding)|37
0346|Eared Grebe (Breeding)|/DATA_init/nabirds/images_128/0346|Birds//Grebes//Eared Grebe//Eared Grebe (Breeding)|38
0347|Northern Gannet (Adult, Subadult)|/DATA_init/nabirds/images_128/0347|Birds//Frigatebirds, Boobies, Cormorants, Darters, and Allies//Northern Gannet//Northern Gannet (Adult, Subadult)|39
0348|Double-crested Cormorant (Immature)|/DATA_init/nabirds/images_128/0348|Birds//Frigatebirds, Boobies, Cormorants, Darters, and Allies//Double-crested Cormorant//Double-crested Cormorant (Immature)|40
0349|Great Cormorant (Adult)|/DATA_init/nabirds/images_128/0349|Birds//Frigatebirds, Boobies, Cormorants, Darters, and Allies//Great Cormorant//Great Cormorant (Adult)|41
0350|Little Blue Heron (Adult)|/DATA_init/nabirds/images_128/0350|Birds//Pelicans, Herons, Ibises, and Allies//Little Blue Heron//Little Blue Heron (Adult)|42
0351|Reddish Egret (Dark morph)|/DATA_init/nabirds/images_128/0351|Birds//Pelicans, Herons, Ibises, and Allies//Reddish Egret//Reddish Egret (Dark morph)|43
0352|Black-crowned Night-Heron (Adult)|/DATA_init/nabirds/images_128/0352|Birds//Pelicans, Herons, Ibises, and Allies//Black-crowned Night-Heron//Black-crowned Night-Heron (Adult)|44
0353|Yellow-crowned Night-Heron (Adult)|/DATA_init/nabirds/images_128/0353|Birds//Pelicans, Herons, Ibises, and Allies//Yellow-crowned Night-Heron//Yellow-crowned Night-Heron (Adult)|45
0354|White Ibis (Adult)|/DATA_init/nabirds/images_128/0354|Birds//Pelicans, Herons, Ibises, and Allies//White Ibis//White Ibis (Adult)|46
0355|Bald Eagle (Adult, subadult)|/DATA_init/nabirds/images_128/0355|Birds//Hawks, Kites, Eagles, and Allies//Bald Eagle//Bald Eagle (Adult, subadult)|47
0356|Northern Harrier (Adult male)|/DATA_init/nabirds/images_128/0356|Birds//Hawks, Kites, Eagles, and Allies//Northern Harrier//Northern Harrier (Adult male)|48
0357|Sharp-shinned Hawk (Adult )|/DATA_init/nabirds/images_128/0357|Birds//Hawks, Kites, Eagles, and Allies//Sharp-shinned Hawk//Sharp-shinned Hawk (Adult )|49
0358|Cooper's Hawk (Adult)|/DATA_init/nabirds/images_128/0358|Birds//Hawks, Kites, Eagles, and Allies//Cooper's Hawk//Cooper's Hawk (Adult)|50
0359|Red-shouldered Hawk (Adult )|/DATA_init/nabirds/images_128/0359|Birds//Hawks, Kites, Eagles, and Allies//Red-shouldered Hawk//Red-shouldered Hawk (Adult )|51
0360|Broad-winged Hawk (Adult)|/DATA_init/nabirds/images_128/0360|Birds//Hawks, Kites, Eagles, and Allies//Broad-winged Hawk//Broad-winged Hawk (Adult)|52
0361|Rough-legged Hawk (Dark morph)|/DATA_init/nabirds/images_128/0361|Birds//Hawks, Kites, Eagles, and Allies//Rough-legged Hawk//Rough-legged Hawk (Dark morph)|53
0362|Golden Eagle (Adult)|/DATA_init/nabirds/images_128/0362|Birds//Hawks, Kites, Eagles, and Allies//Golden Eagle//Golden Eagle (Adult)|54
0363|American Kestrel (Adult male)|/DATA_init/nabirds/images_128/0363|Birds//Caracaras and Falcons//American Kestrel//American Kestrel (Adult male)|55
0364|Peregrine Falcon (Adult)|/DATA_init/nabirds/images_128/0364|Birds//Caracaras and Falcons//Peregrine Falcon//Peregrine Falcon (Adult)|56
0365|Purple Gallinule (Adult)|/DATA_init/nabirds/images_128/0365|Birds//Cranes and Rails//Purple Gallinule//Purple Gallinule (Adult)|57
0366|Common Gallinule (Adult)|/DATA_init/nabirds/images_128/0366|Birds//Cranes and Rails//Common Gallinule//Common Gallinule (Adult)|58
0367|Black-bellied Plover (Breeding)|/DATA_init/nabirds/images_128/0367|Birds//Plovers, Sandpipers, and Allies//Black-bellied Plover//Black-bellied Plover (Breeding)|59
0368|Spotted Sandpiper (Breeding)|/DATA_init/nabirds/images_128/0368|Birds//Plovers, Sandpipers, and Allies//Spotted Sandpiper//Spotted Sandpiper (Breeding)|60
0369|Sanderling (Breeding)|/DATA_init/nabirds/images_128/0369|Birds//Plovers, Sandpipers, and Allies//Sanderling//Sanderling (Breeding)|61
0370|Dunlin (Breeding)|/DATA_init/nabirds/images_128/0370|Birds//Plovers, Sandpipers, and Allies//Dunlin//Dunlin (Breeding)|62
0371|Wilson's Phalarope (Breeding)|/DATA_init/nabirds/images_128/0371|Birds//Plovers, Sandpipers, and Allies//Wilson's Phalarope//Wilson's Phalarope (Breeding)|63
0372|Broad-billed Hummingbird (Adult Male)|/DATA_init/nabirds/images_128/0372|Birds//Swifts and Hummingbirds//Broad-billed Hummingbird//Broad-billed Hummingbird (Adult Male)|64
0373|Ruby-throated Hummingbird (Adult Male)|/DATA_init/nabirds/images_128/0373|Birds//Swifts and Hummingbirds//Ruby-throated Hummingbird//Ruby-throated Hummingbird (Adult Male)|65
0374|Black-chinned Hummingbird (Adult Male)|/DATA_init/nabirds/images_128/0374|Birds//Swifts and Hummingbirds//Black-chinned Hummingbird//Black-chinned Hummingbird (Adult Male)|66
0375|Anna's Hummingbird (Adult Male)|/DATA_init/nabirds/images_128/0375|Birds//Swifts and Hummingbirds//Anna's Hummingbird//Anna's Hummingbird (Adult Male)|67
0376|Costa's Hummingbird (Adult Male)|/DATA_init/nabirds/images_128/0376|Birds//Swifts and Hummingbirds//Costa's Hummingbird//Costa's Hummingbird (Adult Male)|68
0377|Calliope Hummingbird (Adult Male)|/DATA_init/nabirds/images_128/0377|Birds//Swifts and Hummingbirds//Calliope Hummingbird//Calliope Hummingbird (Adult Male)|69
0378|Broad-tailed Hummingbird (Adult Male)|/DATA_init/nabirds/images_128/0378|Birds//Swifts and Hummingbirds//Broad-tailed Hummingbird//Broad-tailed Hummingbird (Adult Male)|70
0379|Rufous Hummingbird (Adult Male)|/DATA_init/nabirds/images_128/0379|Birds//Swifts and Hummingbirds//Rufous Hummingbird//Rufous Hummingbird (Adult Male)|71
0380|Allen's Hummingbird (Adult Male)|/DATA_init/nabirds/images_128/0380|Birds//Swifts and Hummingbirds//Allen's Hummingbird//Allen's Hummingbird (Adult Male)|72
0381|Red-headed Woodpecker (Adult)|/DATA_init/nabirds/images_128/0381|Birds//Woodpeckers//Red-headed Woodpecker//Red-headed Woodpecker (Adult)|73
0382|Northern Flicker (Yellow-shafted)|/DATA_init/nabirds/images_128/0382|Birds//Woodpeckers//Northern Flicker//Northern Flicker (Yellow-shafted)|74
0392|Black Guillemot (Breeding)|/DATA_init/nabirds/images_128/0392|Birds//Skuas and Alcids//Black Guillemot//Black Guillemot (Breeding)|75
0393|Pigeon Guillemot (Breeding)|/DATA_init/nabirds/images_128/0393|Birds//Skuas and Alcids//Pigeon Guillemot//Pigeon Guillemot (Breeding)|76
0394|Black-legged Kittiwake (Adult)|/DATA_init/nabirds/images_128/0394|Birds//Gulls, Terns, and Allies//Black-legged Kittiwake//Black-legged Kittiwake (Adult)|77
0395|Laughing Gull (Breeding)|/DATA_init/nabirds/images_128/0395|Birds//Gulls, Terns, and Allies//Laughing Gull//Laughing Gull (Breeding)|78
0396|Heermann's Gull (Adult)|/DATA_init/nabirds/images_128/0396|Birds//Gulls, Terns, and Allies//Heermann's Gull//Heermann's Gull (Adult)|79
0397|Ring-billed Gull (Adult)|/DATA_init/nabirds/images_128/0397|Birds//Gulls, Terns, and Allies//Ring-billed Gull//Ring-billed Gull (Adult)|80
0398|Western Gull (Adult)|/DATA_init/nabirds/images_128/0398|Birds//Gulls, Terns, and Allies//Western Gull//Western Gull (Adult)|81
0399|California Gull (Adult)|/DATA_init/nabirds/images_128/0399|Birds//Gulls, Terns, and Allies//California Gull//California Gull (Adult)|82
0400|Herring Gull (Adult)|/DATA_init/nabirds/images_128/0400|Birds//Gulls, Terns, and Allies//Herring Gull//Herring Gull (Adult)|83
0401|Glaucous-winged Gull (Adult)|/DATA_init/nabirds/images_128/0401|Birds//Gulls, Terns, and Allies//Glaucous-winged Gull//Glaucous-winged Gull (Adult)|84
0402|Great Black-backed Gull (Adult)|/DATA_init/nabirds/images_128/0402|Birds//Gulls, Terns, and Allies//Great Black-backed Gull//Great Black-backed Gull (Adult)|85
0446|Bonaparte's Gull|/DATA_init/nabirds/images_128/0446|Birds//Gulls, Terns, and Allies//Bonaparte's Gull//Bonaparte's Gull|86
0447|Mew Gull|/DATA_init/nabirds/images_128/0447|Birds//Gulls, Terns, and Allies//Mew Gull//Mew Gull|87
0448|Caspian Tern|/DATA_init/nabirds/images_128/0448|Birds//Gulls, Terns, and Allies//Caspian Tern//Caspian Tern|88
0449|Black Tern|/DATA_init/nabirds/images_128/0449|Birds//Gulls, Terns, and Allies//Black Tern//Black Tern|89
0450|Common Tern|/DATA_init/nabirds/images_128/0450|Birds//Gulls, Terns, and Allies//Common Tern//Common Tern|90
0451|Forster's Tern|/DATA_init/nabirds/images_128/0451|Birds//Gulls, Terns, and Allies//Forster's Tern//Forster's Tern|91
0452|Royal Tern|/DATA_init/nabirds/images_128/0452|Birds//Gulls, Terns, and Allies//Royal Tern//Royal Tern|92
0453|Black Skimmer|/DATA_init/nabirds/images_128/0453|Birds//Gulls, Terns, and Allies//Black Skimmer//Black Skimmer|93
0454|Greater White-fronted Goose|/DATA_init/nabirds/images_128/0454|Birds//Ducks, Geese, and Swans//Greater White-fronted Goose//Greater White-fronted Goose|94
0455|Brant|/DATA_init/nabirds/images_128/0455|Birds//Ducks, Geese, and Swans//Brant//Brant|95
0456|Cackling Goose|/DATA_init/nabirds/images_128/0456|Birds//Ducks, Geese, and Swans//Cackling Goose//Cackling Goose|96
0457|Canada Goose|/DATA_init/nabirds/images_128/0457|Birds//Ducks, Geese, and Swans//Canada Goose//Canada Goose|97
0458|Mute Swan|/DATA_init/nabirds/images_128/0458|Birds//Ducks, Geese, and Swans//Mute Swan//Mute Swan|98
0459|Trumpeter Swan|/DATA_init/nabirds/images_128/0459|Birds//Ducks, Geese, and Swans//Trumpeter Swan//Trumpeter Swan|99
0460|Tundra Swan|/DATA_init/nabirds/images_128/0460|Birds//Ducks, Geese, and Swans//Tundra Swan//Tundra Swan|100
0461|American Black Duck|/DATA_init/nabirds/images_128/0461|Birds//Ducks, Geese, and Swans//American Black Duck//American Black Duck|101
0462|Mottled Duck|/DATA_init/nabirds/images_128/0462|Birds//Ducks, Geese, and Swans//Mottled Duck//Mottled Duck|102
0463|Common Eider (Female/juvenile)|/DATA_init/nabirds/images_128/0463|Birds//Ducks, Geese, and Swans//Common Eider//Common Eider (Female/juvenile)|103
0464|Long-tailed Duck (Summer male)|/DATA_init/nabirds/images_128/0464|Birds//Ducks, Geese, and Swans//Long-tailed Duck//Long-tailed Duck (Summer male)|104
0465|Ruddy Duck (Winter male)|/DATA_init/nabirds/images_128/0465|Birds//Ducks, Geese, and Swans//Ruddy Duck//Ruddy Duck (Winter male)|105
0466|Scaled Quail|/DATA_init/nabirds/images_128/0466|Birds//Grouse, Quail, and Allies//Scaled Quail//Scaled Quail|106
0467|Northern Bobwhite|/DATA_init/nabirds/images_128/0467|Birds//Grouse, Quail, and Allies//Northern Bobwhite//Northern Bobwhite|107
0468|Ruffed Grouse|/DATA_init/nabirds/images_128/0468|Birds//Grouse, Quail, and Allies//Ruffed Grouse//Ruffed Grouse|108
0469|Wild Turkey|/DATA_init/nabirds/images_128/0469|Birds//Grouse, Quail, and Allies//Wild Turkey//Wild Turkey|109
0470|Pied-billed Grebe|/DATA_init/nabirds/images_128/0470|Birds//Grebes//Pied-billed Grebe//Pied-billed Grebe|110
0471|Western Grebe|/DATA_init/nabirds/images_128/0471|Birds//Grebes//Western Grebe//Western Grebe|111
0472|Clark's Grebe|/DATA_init/nabirds/images_128/0472|Birds//Grebes//Clark's Grebe//Clark's Grebe|112
0473|Wood Stork|/DATA_init/nabirds/images_128/0473|Birds//Storks//Wood Stork//Wood Stork|113
0474|Brandt's Cormorant|/DATA_init/nabirds/images_128/0474|Birds//Frigatebirds, Boobies, Cormorants, Darters, and Allies//Brandt's Cormorant//Brandt's Cormorant|114
0475|Neotropic Cormorant|/DATA_init/nabirds/images_128/0475|Birds//Frigatebirds, Boobies, Cormorants, Darters, and Allies//Neotropic Cormorant//Neotropic Cormorant|115
0476|Pelagic Cormorant|/DATA_init/nabirds/images_128/0476|Birds//Frigatebirds, Boobies, Cormorants, Darters, and Allies//Pelagic Cormorant//Pelagic Cormorant|116
0477|Anhinga|/DATA_init/nabirds/images_128/0477|Birds//Frigatebirds, Boobies, Cormorants, Darters, and Allies//Anhinga//Anhinga|117
0478|American White Pelican|/DATA_init/nabirds/images_128/0478|Birds//Pelicans, Herons, Ibises, and Allies//American White Pelican//American White Pelican|118
0479|Brown Pelican|/DATA_init/nabirds/images_128/0479|Birds//Pelicans, Herons, Ibises, and Allies//Brown Pelican//Brown Pelican|119
0480|Great Blue Heron|/DATA_init/nabirds/images_128/0480|Birds//Pelicans, Herons, Ibises, and Allies//Great Blue Heron//Great Blue Heron|120
0481|Great Egret|/DATA_init/nabirds/images_128/0481|Birds//Pelicans, Herons, Ibises, and Allies//Great Egret//Great Egret|121
0482|Snowy Egret|/DATA_init/nabirds/images_128/0482|Birds//Pelicans, Herons, Ibises, and Allies//Snowy Egret//Snowy Egret|122
0483|Tricolored Heron|/DATA_init/nabirds/images_128/0483|Birds//Pelicans, Herons, Ibises, and Allies//Tricolored Heron//Tricolored Heron|123
0484|Cattle Egret|/DATA_init/nabirds/images_128/0484|Birds//Pelicans, Herons, Ibises, and Allies//Cattle Egret//Cattle Egret|124
0485|Green Heron|/DATA_init/nabirds/images_128/0485|Birds//Pelicans, Herons, Ibises, and Allies//Green Heron//Green Heron|125
0486|Glossy Ibis|/DATA_init/nabirds/images_128/0486|Birds//Pelicans, Herons, Ibises, and Allies//Glossy Ibis//Glossy Ibis|126
0487|White-faced Ibis|/DATA_init/nabirds/images_128/0487|Birds//Pelicans, Herons, Ibises, and Allies//White-faced Ibis//White-faced Ibis|127
0488|Roseate Spoonbill|/DATA_init/nabirds/images_128/0488|Birds//Pelicans, Herons, Ibises, and Allies//Roseate Spoonbill//Roseate Spoonbill|128
0489|Black Vulture|/DATA_init/nabirds/images_128/0489|Birds//Hawks, Kites, Eagles, and Allies//Black Vulture//Black Vulture|129
0490|Turkey Vulture|/DATA_init/nabirds/images_128/0490|Birds//Hawks, Kites, Eagles, and Allies//Turkey Vulture//Turkey Vulture|130
0491|Osprey|/DATA_init/nabirds/images_128/0491|Birds//Hawks, Kites, Eagles, and Allies//Osprey//Osprey|131
0492|Swallow-tailed Kite|/DATA_init/nabirds/images_128/0492|Birds//Hawks, Kites, Eagles, and Allies//Swallow-tailed Kite//Swallow-tailed Kite|132
0493|White-tailed Kite|/DATA_init/nabirds/images_128/0493|Birds//Hawks, Kites, Eagles, and Allies//White-tailed Kite//White-tailed Kite|133
0494|Mississippi Kite|/DATA_init/nabirds/images_128/0494|Birds//Hawks, Kites, Eagles, and Allies//Mississippi Kite//Mississippi Kite|134
0495|Harris's Hawk|/DATA_init/nabirds/images_128/0495|Birds//Hawks, Kites, Eagles, and Allies//Harris's Hawk//Harris's Hawk|135
0496|Swainson's Hawk (Light morph )|/DATA_init/nabirds/images_128/0496|Birds//Hawks, Kites, Eagles, and Allies//Swainson's Hawk//Swainson's Hawk (Light morph )|136
0497|Red-tailed Hawk (Dark morph)|/DATA_init/nabirds/images_128/0497|Birds//Hawks, Kites, Eagles, and Allies//Red-tailed Hawk//Red-tailed Hawk (Dark morph)|137
0498|Crested Caracara|/DATA_init/nabirds/images_128/0498|Birds//Caracaras and Falcons//Crested Caracara//Crested Caracara|138
0499|Merlin|/DATA_init/nabirds/images_128/0499|Birds//Caracaras and Falcons//Merlin//Merlin|139
0500|Prairie Falcon|/DATA_init/nabirds/images_128/0500|Birds//Caracaras and Falcons//Prairie Falcon//Prairie Falcon|140
0501|American Coot|/DATA_init/nabirds/images_128/0501|Birds//Cranes and Rails//American Coot//American Coot|141
0502|Sandhill Crane|/DATA_init/nabirds/images_128/0502|Birds//Cranes and Rails//Sandhill Crane//Sandhill Crane|142
0503|Semipalmated Plover|/DATA_init/nabirds/images_128/0503|Birds//Plovers, Sandpipers, and Allies//Semipalmated Plover//Semipalmated Plover|143
0504|Killdeer|/DATA_init/nabirds/images_128/0504|Birds//Plovers, Sandpipers, and Allies//Killdeer//Killdeer|144
0505|American Oystercatcher|/DATA_init/nabirds/images_128/0505|Birds//Plovers, Sandpipers, and Allies//American Oystercatcher//American Oystercatcher|145
0506|Black Oystercatcher|/DATA_init/nabirds/images_128/0506|Birds//Plovers, Sandpipers, and Allies//Black Oystercatcher//Black Oystercatcher|146
0507|Black-necked Stilt|/DATA_init/nabirds/images_128/0507|Birds//Plovers, Sandpipers, and Allies//Black-necked Stilt//Black-necked Stilt|147
0508|American Avocet|/DATA_init/nabirds/images_128/0508|Birds//Plovers, Sandpipers, and Allies//American Avocet//American Avocet|148
0509|Solitary Sandpiper|/DATA_init/nabirds/images_128/0509|Birds//Plovers, Sandpipers, and Allies//Solitary Sandpiper//Solitary Sandpiper|149
0510|Greater Yellowlegs|/DATA_init/nabirds/images_128/0510|Birds//Plovers, Sandpipers, and Allies//Greater Yellowlegs//Greater Yellowlegs|150
0511|Willet|/DATA_init/nabirds/images_128/0511|Birds//Plovers, Sandpipers, and Allies//Willet//Willet|151
0512|Lesser Yellowlegs|/DATA_init/nabirds/images_128/0512|Birds//Plovers, Sandpipers, and Allies//Lesser Yellowlegs//Lesser Yellowlegs|152
0513|Whimbrel|/DATA_init/nabirds/images_128/0513|Birds//Plovers, Sandpipers, and Allies//Whimbrel//Whimbrel|153
0514|Long-billed Curlew|/DATA_init/nabirds/images_128/0514|Birds//Plovers, Sandpipers, and Allies//Long-billed Curlew//Long-billed Curlew|154
0515|Marbled Godwit|/DATA_init/nabirds/images_128/0515|Birds//Plovers, Sandpipers, and Allies//Marbled Godwit//Marbled Godwit|155
0516|Ruddy Turnstone|/DATA_init/nabirds/images_128/0516|Birds//Plovers, Sandpipers, and Allies//Ruddy Turnstone//Ruddy Turnstone|156
0517|Black Turnstone|/DATA_init/nabirds/images_128/0517|Birds//Plovers, Sandpipers, and Allies//Black Turnstone//Black Turnstone|157
0518|Surfbird|/DATA_init/nabirds/images_128/0518|Birds//Plovers, Sandpipers, and Allies//Surfbird//Surfbird|158
0519|Semipalmated Sandpiper|/DATA_init/nabirds/images_128/0519|Birds//Plovers, Sandpipers, and Allies//Semipalmated Sandpiper//Semipalmated Sandpiper|159
0520|Western Sandpiper|/DATA_init/nabirds/images_128/0520|Birds//Plovers, Sandpipers, and Allies//Western Sandpiper//Western Sandpiper|160
0521|Least Sandpiper|/DATA_init/nabirds/images_128/0521|Birds//Plovers, Sandpipers, and Allies//Least Sandpiper//Least Sandpiper|161
0522|Short-billed Dowitcher|/DATA_init/nabirds/images_128/0522|Birds//Plovers, Sandpipers, and Allies//Short-billed Dowitcher//Short-billed Dowitcher|162
0523|Wilson's Snipe|/DATA_init/nabirds/images_128/0523|Birds//Plovers, Sandpipers, and Allies//Wilson's Snipe//Wilson's Snipe|163
0524|American Woodcock|/DATA_init/nabirds/images_128/0524|Birds//Plovers, Sandpipers, and Allies//American Woodcock//American Woodcock|164
0525|Rock Pigeon|/DATA_init/nabirds/images_128/0525|Birds//Pigeons and Doves//Rock Pigeon//Rock Pigeon|165
0526|Band-tailed Pigeon|/DATA_init/nabirds/images_128/0526|Birds//Pigeons and Doves//Band-tailed Pigeon//Band-tailed Pigeon|166
0527|Eurasian Collared-Dove|/DATA_init/nabirds/images_128/0527|Birds//Pigeons and Doves//Eurasian Collared-Dove//Eurasian Collared-Dove|167
0528|White-winged Dove|/DATA_init/nabirds/images_128/0528|Birds//Pigeons and Doves//White-winged Dove//White-winged Dove|168
0529|Mourning Dove|/DATA_init/nabirds/images_128/0529|Birds//Pigeons and Doves//Mourning Dove//Mourning Dove|169
0530|Inca Dove|/DATA_init/nabirds/images_128/0530|Birds//Pigeons and Doves//Inca Dove//Inca Dove|170
0531|Common Ground-Dove|/DATA_init/nabirds/images_128/0531|Birds//Pigeons and Doves//Common Ground-Dove//Common Ground-Dove|171
0532|Monk Parakeet|/DATA_init/nabirds/images_128/0532|Birds//Parrots//Monk Parakeet//Monk Parakeet|172
0533|Yellow-billed Cuckoo|/DATA_init/nabirds/images_128/0533|Birds//Cuckoos//Yellow-billed Cuckoo//Yellow-billed Cuckoo|173
0534|Black-billed Cuckoo|/DATA_init/nabirds/images_128/0534|Birds//Cuckoos//Black-billed Cuckoo//Black-billed Cuckoo|174
0535|Greater Roadrunner|/DATA_init/nabirds/images_128/0535|Birds//Cuckoos//Greater Roadrunner//Greater Roadrunner|175
0536|Barn Owl|/DATA_init/nabirds/images_128/0536|Birds//Owls//Barn Owl//Barn Owl|176
0537|Western Screech-Owl|/DATA_init/nabirds/images_128/0537|Birds//Owls//Western Screech-Owl//Western Screech-Owl|177
0538|Eastern Screech-Owl|/DATA_init/nabirds/images_128/0538|Birds//Owls//Eastern Screech-Owl//Eastern Screech-Owl|178
0539|Great Horned Owl|/DATA_init/nabirds/images_128/0539|Birds//Owls//Great Horned Owl//Great Horned Owl|179
0540|Snowy Owl|/DATA_init/nabirds/images_128/0540|Birds//Owls//Snowy Owl//Snowy Owl|180
0541|Northern Pygmy-Owl|/DATA_init/nabirds/images_128/0541|Birds//Owls//Northern Pygmy-Owl//Northern Pygmy-Owl|181
0542|Burrowing Owl|/DATA_init/nabirds/images_128/0542|Birds//Owls//Burrowing Owl//Burrowing Owl|182
0543|Barred Owl|/DATA_init/nabirds/images_128/0543|Birds//Owls//Barred Owl//Barred Owl|183
0544|Northern Saw-whet Owl|/DATA_init/nabirds/images_128/0544|Birds//Owls//Northern Saw-whet Owl//Northern Saw-whet Owl|184
0545|Common Nighthawk|/DATA_init/nabirds/images_128/0545|Birds//Nightjars//Common Nighthawk//Common Nighthawk|185
0546|Chimney Swift|/DATA_init/nabirds/images_128/0546|Birds//Swifts and Hummingbirds//Chimney Swift//Chimney Swift|186
0547|Vaux's Swift|/DATA_init/nabirds/images_128/0547|Birds//Swifts and Hummingbirds//Vaux's Swift//Vaux's Swift|187
0548|White-throated Swift|/DATA_init/nabirds/images_128/0548|Birds//Swifts and Hummingbirds//White-throated Swift//White-throated Swift|188
0549|Belted Kingfisher|/DATA_init/nabirds/images_128/0549|Birds//Kingfishers and Allies//Belted Kingfisher//Belted Kingfisher|189
0550|Acorn Woodpecker|/DATA_init/nabirds/images_128/0550|Birds//Woodpeckers//Acorn Woodpecker//Acorn Woodpecker|190
0551|Gila Woodpecker|/DATA_init/nabirds/images_128/0551|Birds//Woodpeckers//Gila Woodpecker//Gila Woodpecker|191
0552|Golden-fronted Woodpecker|/DATA_init/nabirds/images_128/0552|Birds//Woodpeckers//Golden-fronted Woodpecker//Golden-fronted Woodpecker|192
0553|Red-bellied Woodpecker|/DATA_init/nabirds/images_128/0553|Birds//Woodpeckers//Red-bellied Woodpecker//Red-bellied Woodpecker|193
0554|Yellow-bellied Sapsucker|/DATA_init/nabirds/images_128/0554|Birds//Woodpeckers//Yellow-bellied Sapsucker//Yellow-bellied Sapsucker|194
0555|Red-naped Sapsucker|/DATA_init/nabirds/images_128/0555|Birds//Woodpeckers//Red-naped Sapsucker//Red-naped Sapsucker|195
0556|Red-breasted Sapsucker|/DATA_init/nabirds/images_128/0556|Birds//Woodpeckers//Red-breasted Sapsucker//Red-breasted Sapsucker|196
0557|Ladder-backed Woodpecker|/DATA_init/nabirds/images_128/0557|Birds//Woodpeckers//Ladder-backed Woodpecker//Ladder-backed Woodpecker|197
0558|Nuttall's Woodpecker|/DATA_init/nabirds/images_128/0558|Birds//Woodpeckers//Nuttall's Woodpecker//Nuttall's Woodpecker|198
0559|Downy Woodpecker|/DATA_init/nabirds/images_128/0559|Birds//Woodpeckers//Downy Woodpecker//Downy Woodpecker|199
0560|Hairy Woodpecker|/DATA_init/nabirds/images_128/0560|Birds//Woodpeckers//Hairy Woodpecker//Hairy Woodpecker|200
0561|Pileated Woodpecker|/DATA_init/nabirds/images_128/0561|Birds//Woodpeckers//Pileated Woodpecker//Pileated Woodpecker|201
0599|Black Guillemot (Nonbreeding, juvenile)|/DATA_init/nabirds/images_128/0599|Birds//Skuas and Alcids//Black Guillemot//Black Guillemot (Nonbreeding, juvenile)|202
0600|Pigeon Guillemot (Nonbreeding, juvenile)|/DATA_init/nabirds/images_128/0600|Birds//Skuas and Alcids//Pigeon Guillemot//Pigeon Guillemot (Nonbreeding, juvenile)|203
0601|Black-legged Kittiwake (Immature)|/DATA_init/nabirds/images_128/0601|Birds//Gulls, Terns, and Allies//Black-legged Kittiwake//Black-legged Kittiwake (Immature)|204
0602|Laughing Gull (Nonbreeding/Immature)|/DATA_init/nabirds/images_128/0602|Birds//Gulls, Terns, and Allies//Laughing Gull//Laughing Gull (Nonbreeding/Immature)|205
0603|Heermann's Gull (Immature)|/DATA_init/nabirds/images_128/0603|Birds//Gulls, Terns, and Allies//Heermann's Gull//Heermann's Gull (Immature)|206
0604|Ring-billed Gull (Immature)|/DATA_init/nabirds/images_128/0604|Birds//Gulls, Terns, and Allies//Ring-billed Gull//Ring-billed Gull (Immature)|207
0605|Western Gull (Immature)|/DATA_init/nabirds/images_128/0605|Birds//Gulls, Terns, and Allies//Western Gull//Western Gull (Immature)|208
0606|California Gull (Immature)|/DATA_init/nabirds/images_128/0606|Birds//Gulls, Terns, and Allies//California Gull//California Gull (Immature)|209
0607|Herring Gull (Immature)|/DATA_init/nabirds/images_128/0607|Birds//Gulls, Terns, and Allies//Herring Gull//Herring Gull (Immature)|210
0608|Glaucous-winged Gull (Immature)|/DATA_init/nabirds/images_128/0608|Birds//Gulls, Terns, and Allies//Glaucous-winged Gull//Glaucous-winged Gull (Immature)|211
0609|Great Black-backed Gull (Immature)|/DATA_init/nabirds/images_128/0609|Birds//Gulls, Terns, and Allies//Great Black-backed Gull//Great Black-backed Gull (Immature)|212
0610|Black-bellied Whistling-Duck|/DATA_init/nabirds/images_128/0610|Birds//Ducks, Geese, and Swans//Black-bellied Whistling-Duck//Black-bellied Whistling-Duck|213
0611|Snow Goose (Blue morph)|/DATA_init/nabirds/images_128/0611|Birds//Ducks, Geese, and Swans//Snow Goose//Snow Goose (Blue morph)|214
0612|Ross's Goose|/DATA_init/nabirds/images_128/0612|Birds//Ducks, Geese, and Swans//Ross's Goose//Ross's Goose|215
0613|Wood Duck (Female/Eclipse male)|/DATA_init/nabirds/images_128/0613|Birds//Ducks, Geese, and Swans//Wood Duck//Wood Duck (Female/Eclipse male)|216
0614|Gadwall (Female/Eclipse male)|/DATA_init/nabirds/images_128/0614|Birds//Ducks, Geese, and Swans//Gadwall//Gadwall (Female/Eclipse male)|217
0615|American Wigeon (Female/Eclipse male)|/DATA_init/nabirds/images_128/0615|Birds//Ducks, Geese, and Swans//American Wigeon//American Wigeon (Female/Eclipse male)|218
0616|Mallard (Female/Eclipse male)|/DATA_init/nabirds/images_128/0616|Birds//Ducks, Geese, and Swans//Mallard//Mallard (Female/Eclipse male)|219
0617|Blue-winged Teal  (Female/juvenile)|/DATA_init/nabirds/images_128/0617|Birds//Ducks, Geese, and Swans//Blue-winged Teal//Blue-winged Teal  (Female/juvenile)|220
0618|Cinnamon Teal (Female/juvenile)|/DATA_init/nabirds/images_128/0618|Birds//Ducks, Geese, and Swans//Cinnamon Teal//Cinnamon Teal (Female/juvenile)|221
0619|Northern Shoveler (Female/Eclipse male)|/DATA_init/nabirds/images_128/0619|Birds//Ducks, Geese, and Swans//Northern Shoveler//Northern Shoveler (Female/Eclipse male)|222
0620|Northern Pintail (Female/Eclipse male)|/DATA_init/nabirds/images_128/0620|Birds//Ducks, Geese, and Swans//Northern Pintail//Northern Pintail (Female/Eclipse male)|223
0621|Green-winged Teal  (Female/juvenile)|/DATA_init/nabirds/images_128/0621|Birds//Ducks, Geese, and Swans//Green-winged Teal//Green-winged Teal  (Female/juvenile)|224
0622|Canvasback (Female/Eclipse male)|/DATA_init/nabirds/images_128/0622|Birds//Ducks, Geese, and Swans//Canvasback//Canvasback (Female/Eclipse male)|225
0623|Redhead (Female/Eclipse male)|/DATA_init/nabirds/images_128/0623|Birds//Ducks, Geese, and Swans//Redhead//Redhead (Female/Eclipse male)|226
0624|Ring-necked Duck (Female/Eclipse male)|/DATA_init/nabirds/images_128/0624|Birds//Ducks, Geese, and Swans//Ring-necked Duck//Ring-necked Duck (Female/Eclipse male)|227
0625|Greater Scaup (Female/Eclipse male)|/DATA_init/nabirds/images_128/0625|Birds//Ducks, Geese, and Swans//Greater Scaup//Greater Scaup (Female/Eclipse male)|228
0626|Lesser Scaup (Female/Eclipse male)|/DATA_init/nabirds/images_128/0626|Birds//Ducks, Geese, and Swans//Lesser Scaup//Lesser Scaup (Female/Eclipse male)|229
0627|Harlequin Duck (Female/juvenile)|/DATA_init/nabirds/images_128/0627|Birds//Ducks, Geese, and Swans//Harlequin Duck//Harlequin Duck (Female/juvenile)|230
0628|Surf Scoter (Female/immature)|/DATA_init/nabirds/images_128/0628|Birds//Ducks, Geese, and Swans//Surf Scoter//Surf Scoter (Female/immature)|231
0629|White-winged Scoter (Female/juvenile)|/DATA_init/nabirds/images_128/0629|Birds//Ducks, Geese, and Swans//White-winged Scoter//White-winged Scoter (Female/juvenile)|232
0630|Black Scoter (Female/juvenile)|/DATA_init/nabirds/images_128/0630|Birds//Ducks, Geese, and Swans//Black Scoter//Black Scoter (Female/juvenile)|233
0631|Bufflehead (Female/immature male)|/DATA_init/nabirds/images_128/0631|Birds//Ducks, Geese, and Swans//Bufflehead//Bufflehead (Female/immature male)|234
0632|Common Goldeneye (Female/Eclipse male)|/DATA_init/nabirds/images_128/0632|Birds//Ducks, Geese, and Swans//Common Goldeneye//Common Goldeneye (Female/Eclipse male)|235
0633|Barrow's Goldeneye (Female/Eclipse male)|/DATA_init/nabirds/images_128/0633|Birds//Ducks, Geese, and Swans//Barrow's Goldeneye//Barrow's Goldeneye (Female/Eclipse male)|236
0634|Hooded Merganser (Female/immature male)|/DATA_init/nabirds/images_128/0634|Birds//Ducks, Geese, and Swans//Hooded Merganser//Hooded Merganser (Female/immature male)|237
0635|Common Merganser (Female/immature male)|/DATA_init/nabirds/images_128/0635|Birds//Ducks, Geese, and Swans//Common Merganser//Common Merganser (Female/immature male)|238
0636|Red-breasted Merganser (Female/immature male)|/DATA_init/nabirds/images_128/0636|Birds//Ducks, Geese, and Swans//Red-breasted Merganser//Red-breasted Merganser (Female/immature male)|239
0637|California Quail (Female/juvenile)|/DATA_init/nabirds/images_128/0637|Birds//Grouse, Quail, and Allies//California Quail//California Quail (Female/juvenile)|240
0638|Gambel's Quail (Female/juvenile)|/DATA_init/nabirds/images_128/0638|Birds//Grouse, Quail, and Allies//Gambel's Quail//Gambel's Quail (Female/juvenile)|241
0639|Ring-necked Pheasant (Female/juvenile)|/DATA_init/nabirds/images_128/0639|Birds//Grouse, Quail, and Allies//Ring-necked Pheasant//Ring-necked Pheasant (Female/juvenile)|242
0640|Red-throated Loon (Nonbreeding/juvenile)|/DATA_init/nabirds/images_128/0640|Birds//Loons//Red-throated Loon//Red-throated Loon (Nonbreeding/juvenile)|243
0641|Pacific Loon (Nonbreeding/juvenile)|/DATA_init/nabirds/images_128/0641|Birds//Loons//Pacific Loon//Pacific Loon (Nonbreeding/juvenile)|244
0642|Common Loon (Nonbreeding/juvenile)|/DATA_init/nabirds/images_128/0642|Birds//Loons//Common Loon//Common Loon (Nonbreeding/juvenile)|245
0643|Horned Grebe (Nonbreeding/juvenile)|/DATA_init/nabirds/images_128/0643|Birds//Grebes//Horned Grebe//Horned Grebe (Nonbreeding/juvenile)|246
0644|Red-necked Grebe (Nonbreeding/juvenile)|/DATA_init/nabirds/images_128/0644|Birds//Grebes//Red-necked Grebe//Red-necked Grebe (Nonbreeding/juvenile)|247
0645|Eared Grebe (Nonbreeding/juvenile)|/DATA_init/nabirds/images_128/0645|Birds//Grebes//Eared Grebe//Eared Grebe (Nonbreeding/juvenile)|248
0646|Northern Gannet (Immature/Juvenile)|/DATA_init/nabirds/images_128/0646|Birds//Frigatebirds, Boobies, Cormorants, Darters, and Allies//Northern Gannet//Northern Gannet (Immature/Juvenile)|249
0647|Double-crested Cormorant (Adult)|/DATA_init/nabirds/images_128/0647|Birds//Frigatebirds, Boobies, Cormorants, Darters, and Allies//Double-crested Cormorant//Double-crested Cormorant (Adult)|250
0648|Great Cormorant (Immature)|/DATA_init/nabirds/images_128/0648|Birds//Frigatebirds, Boobies, Cormorants, Darters, and Allies//Great Cormorant//Great Cormorant (Immature)|251
0649|Little Blue Heron (Immature)|/DATA_init/nabirds/images_128/0649|Birds//Pelicans, Herons, Ibises, and Allies//Little Blue Heron//Little Blue Heron (Immature)|252
0650|Reddish Egret (White morph)|/DATA_init/nabirds/images_128/0650|Birds//Pelicans, Herons, Ibises, and Allies//Reddish Egret//Reddish Egret (White morph)|253
0651|Black-crowned Night-Heron (Immature)|/DATA_init/nabirds/images_128/0651|Birds//Pelicans, Herons, Ibises, and Allies//Black-crowned Night-Heron//Black-crowned Night-Heron (Immature)|254
0652|Yellow-crowned Night-Heron (Immature)|/DATA_init/nabirds/images_128/0652|Birds//Pelicans, Herons, Ibises, and Allies//Yellow-crowned Night-Heron//Yellow-crowned Night-Heron (Immature)|255
0653|White Ibis (Immature)|/DATA_init/nabirds/images_128/0653|Birds//Pelicans, Herons, Ibises, and Allies//White Ibis//White Ibis (Immature)|256
0654|Bald Eagle (Immature, juvenile)|/DATA_init/nabirds/images_128/0654|Birds//Hawks, Kites, Eagles, and Allies//Bald Eagle//Bald Eagle (Immature, juvenile)|257
0655|Northern Harrier (Female, immature)|/DATA_init/nabirds/images_128/0655|Birds//Hawks, Kites, Eagles, and Allies//Northern Harrier//Northern Harrier (Female, immature)|258
0656|Sharp-shinned Hawk (Immature)|/DATA_init/nabirds/images_128/0656|Birds//Hawks, Kites, Eagles, and Allies//Sharp-shinned Hawk//Sharp-shinned Hawk (Immature)|259
0657|Cooper's Hawk (Immature)|/DATA_init/nabirds/images_128/0657|Birds//Hawks, Kites, Eagles, and Allies//Cooper's Hawk//Cooper's Hawk (Immature)|260
0658|Red-shouldered Hawk (Immature)|/DATA_init/nabirds/images_128/0658|Birds//Hawks, Kites, Eagles, and Allies//Red-shouldered Hawk//Red-shouldered Hawk (Immature)|261
0659|Broad-winged Hawk (Immature)|/DATA_init/nabirds/images_128/0659|Birds//Hawks, Kites, Eagles, and Allies//Broad-winged Hawk//Broad-winged Hawk (Immature)|262
0660|Rough-legged Hawk (Light morph)|/DATA_init/nabirds/images_128/0660|Birds//Hawks, Kites, Eagles, and Allies//Rough-legged Hawk//Rough-legged Hawk (Light morph)|263
0661|Golden Eagle (Immature)|/DATA_init/nabirds/images_128/0661|Birds//Hawks, Kites, Eagles, and Allies//Golden Eagle//Golden Eagle (Immature)|264
0662|American Kestrel (Female, immature)|/DATA_init/nabirds/images_128/0662|Birds//Caracaras and Falcons//American Kestrel//American Kestrel (Female, immature)|265
0663|Peregrine Falcon (Immature)|/DATA_init/nabirds/images_128/0663|Birds//Caracaras and Falcons//Peregrine Falcon//Peregrine Falcon (Immature)|266
0664|Purple Gallinule (Immature)|/DATA_init/nabirds/images_128/0664|Birds//Cranes and Rails//Purple Gallinule//Purple Gallinule (Immature)|267
0665|Common Gallinule (Immature)|/DATA_init/nabirds/images_128/0665|Birds//Cranes and Rails//Common Gallinule//Common Gallinule (Immature)|268
0666|Black-bellied Plover (Nonbreeding/juvenile)|/DATA_init/nabirds/images_128/0666|Birds//Plovers, Sandpipers, and Allies//Black-bellied Plover//Black-bellied Plover (Nonbreeding/juvenile)|269
0667|Spotted Sandpiper (Nonbreeding/juvenile)|/DATA_init/nabirds/images_128/0667|Birds//Plovers, Sandpipers, and Allies//Spotted Sandpiper//Spotted Sandpiper (Nonbreeding/juvenile)|270
0668|Sanderling (Nonbreeding/juvenile)|/DATA_init/nabirds/images_128/0668|Birds//Plovers, Sandpipers, and Allies//Sanderling//Sanderling (Nonbreeding/juvenile)|271
0669|Dunlin (Nonbreeding/juvenile)|/DATA_init/nabirds/images_128/0669|Birds//Plovers, Sandpipers, and Allies//Dunlin//Dunlin (Nonbreeding/juvenile)|272
0670|Wilson's Phalarope (Nonbreeding, juvenile)|/DATA_init/nabirds/images_128/0670|Birds//Plovers, Sandpipers, and Allies//Wilson's Phalarope//Wilson's Phalarope (Nonbreeding, juvenile)|273
0671|Broad-billed Hummingbird (Female, immature)|/DATA_init/nabirds/images_128/0671|Birds//Swifts and Hummingbirds//Broad-billed Hummingbird//Broad-billed Hummingbird (Female, immature)|274
0672|Ruby-throated Hummingbird (Female, immature)|/DATA_init/nabirds/images_128/0672|Birds//Swifts and Hummingbirds//Ruby-throated Hummingbird//Ruby-throated Hummingbird (Female, immature)|275
0673|Black-chinned Hummingbird (Female, immature)|/DATA_init/nabirds/images_128/0673|Birds//Swifts and Hummingbirds//Black-chinned Hummingbird//Black-chinned Hummingbird (Female, immature)|276
0674|Anna's Hummingbird (Female, immature)|/DATA_init/nabirds/images_128/0674|Birds//Swifts and Hummingbirds//Anna's Hummingbird//Anna's Hummingbird (Female, immature)|277
0675|Costa's Hummingbird (Female, immature)|/DATA_init/nabirds/images_128/0675|Birds//Swifts and Hummingbirds//Costa's Hummingbird//Costa's Hummingbird (Female, immature)|278
0676|Calliope Hummingbird (Female, immature)|/DATA_init/nabirds/images_128/0676|Birds//Swifts and Hummingbirds//Calliope Hummingbird//Calliope Hummingbird (Female, immature)|279
0677|Broad-tailed Hummingbird (Female, immature)|/DATA_init/nabirds/images_128/0677|Birds//Swifts and Hummingbirds//Broad-tailed Hummingbird//Broad-tailed Hummingbird (Female, immature)|280
0678|Rufous Hummingbird (Female, immature)|/DATA_init/nabirds/images_128/0678|Birds//Swifts and Hummingbirds//Rufous Hummingbird//Rufous Hummingbird (Female, immature)|281
0679|Allen's Hummingbird (Female, immature)|/DATA_init/nabirds/images_128/0679|Birds//Swifts and Hummingbirds//Allen's Hummingbird//Allen's Hummingbird (Female, immature)|282
0680|Red-headed Woodpecker (Immature)|/DATA_init/nabirds/images_128/0680|Birds//Woodpeckers//Red-headed Woodpecker//Red-headed Woodpecker (Immature)|283
0681|Northern Flicker (Red-shafted)|/DATA_init/nabirds/images_128/0681|Birds//Woodpeckers//Northern Flicker//Northern Flicker (Red-shafted)|284
0696|Common Eider (Immature/Eclipse male)|/DATA_init/nabirds/images_128/0696|Birds//Ducks, Geese, and Swans//Common Eider//Common Eider (Immature/Eclipse male)|285
0697|Long-tailed Duck (Female/juvenile)|/DATA_init/nabirds/images_128/0697|Birds//Ducks, Geese, and Swans//Long-tailed Duck//Long-tailed Duck (Female/juvenile)|286
0698|Ruddy Duck (Female/juvenile)|/DATA_init/nabirds/images_128/0698|Birds//Ducks, Geese, and Swans//Ruddy Duck//Ruddy Duck (Female/juvenile)|287
0699|Swainson's Hawk (Immature)|/DATA_init/nabirds/images_128/0699|Birds//Hawks, Kites, Eagles, and Allies//Swainson's Hawk//Swainson's Hawk (Immature)|288
0700|Red-tailed Hawk (Light morph immature)|/DATA_init/nabirds/images_128/0700|Birds//Hawks, Kites, Eagles, and Allies//Red-tailed Hawk//Red-tailed Hawk (Light morph immature)|289
0746|Dark-eyed Junco (Slate-colored)|/DATA_init/nabirds/images_128/0746|Birds//Perching Birds//New World Sparrows and Allies//Dark-eyed Junco//Dark-eyed Junco (Slate-colored)|290
0747|Yellow-rumped Warbler (Breeding Myrtle)|/DATA_init/nabirds/images_128/0747|Birds//Perching Birds//Wood-Warblers//Yellow-rumped Warbler//Yellow-rumped Warbler (Breeding Myrtle)|291
0748|European Starling (Breeding Adult)|/DATA_init/nabirds/images_128/0748|Birds//Perching Birds//Starlings and Allies//European Starling//European Starling (Breeding Adult)|292
0749|Fox Sparrow (Red)|/DATA_init/nabirds/images_128/0749|Birds//Perching Birds//New World Sparrows and Allies//Fox Sparrow//Fox Sparrow (Red)|293
0750|Summer Tanager (Adult Male)|/DATA_init/nabirds/images_128/0750|Birds//Perching Birds//Cardinals, Grosbeaks, and Allies//Summer Tanager//Summer Tanager (Adult Male)|294
0751|Orchard Oriole (Adult Male)|/DATA_init/nabirds/images_128/0751|Birds//Perching Birds//Blackbirds and Allies//Orchard Oriole//Orchard Oriole (Adult Male)|295
0752|Purple Martin (Adult male)|/DATA_init/nabirds/images_128/0752|Birds//Perching Birds//Swallows//Purple Martin//Purple Martin (Adult male)|296
0753|American Robin (Adult)|/DATA_init/nabirds/images_128/0753|Birds//Perching Birds//Thrushes//American Robin//American Robin (Adult)|297
0754|Phainopepla (Female/juvenile)|/DATA_init/nabirds/images_128/0754|Birds//Perching Birds//Silky-Flycatchers//Phainopepla//Phainopepla (Female/juvenile)|298
0755|Snow Bunting (Breeding adult)|/DATA_init/nabirds/images_128/0755|Birds//Perching Birds//Longspurs and Snow Buntings//Snow Bunting//Snow Bunting (Breeding adult)|299
0756|Common Yellowthroat (Adult Male)|/DATA_init/nabirds/images_128/0756|Birds//Perching Birds//Wood-Warblers//Common Yellowthroat//Common Yellowthroat (Adult Male)|300
0757|American Redstart (Adult Male)|/DATA_init/nabirds/images_128/0757|Birds//Perching Birds//Wood-Warblers//American Redstart//American Redstart (Adult Male)|301
0758|Magnolia Warbler (Breeding male)|/DATA_init/nabirds/images_128/0758|Birds//Perching Birds//Wood-Warblers//Magnolia Warbler//Magnolia Warbler (Breeding male)|302
0759|Bay-breasted Warbler (Breeding male)|/DATA_init/nabirds/images_128/0759|Birds//Perching Birds//Wood-Warblers//Bay-breasted Warbler//Bay-breasted Warbler (Breeding male)|303
0760|Chestnut-sided Warbler (Breeding male)|/DATA_init/nabirds/images_128/0760|Birds//Perching Birds//Wood-Warblers//Chestnut-sided Warbler//Chestnut-sided Warbler (Breeding male)|304
0761|Blackpoll Warbler (Breeding male)|/DATA_init/nabirds/images_128/0761|Birds//Perching Birds//Wood-Warblers//Blackpoll Warbler//Blackpoll Warbler (Breeding male)|305
0762|Black-throated Blue Warbler (Adult Male)|/DATA_init/nabirds/images_128/0762|Birds//Perching Birds//Wood-Warblers//Black-throated Blue Warbler//Black-throated Blue Warbler (Adult Male)|306
0763|Lark Bunting (Breeding male)|/DATA_init/nabirds/images_128/0763|Birds//Perching Birds//New World Sparrows and Allies//Lark Bunting//Lark Bunting (Breeding male)|307
0764|White-throated Sparrow (White-striped)|/DATA_init/nabirds/images_128/0764|Birds//Perching Birds//New World Sparrows and Allies//White-throated Sparrow//White-throated Sparrow (White-striped)|308
0765|Harris's Sparrow (Adult)|/DATA_init/nabirds/images_128/0765|Birds//Perching Birds//New World Sparrows and Allies//Harris's Sparrow//Harris's Sparrow (Adult)|309
0766|White-crowned Sparrow (Adult)|/DATA_init/nabirds/images_128/0766|Birds//Perching Birds//New World Sparrows and Allies//White-crowned Sparrow//White-crowned Sparrow (Adult)|310
0767|Golden-crowned Sparrow (Adult)|/DATA_init/nabirds/images_128/0767|Birds//Perching Birds//New World Sparrows and Allies//Golden-crowned Sparrow//Golden-crowned Sparrow (Adult)|311
0768|Dark-eyed Junco (Oregon)|/DATA_init/nabirds/images_128/0768|Birds//Perching Birds//New World Sparrows and Allies//Dark-eyed Junco//Dark-eyed Junco (Oregon)|312
0769|Chipping Sparrow (Breeding)|/DATA_init/nabirds/images_128/0769|Birds//Perching Birds//New World Sparrows and Allies//Chipping Sparrow//Chipping Sparrow (Breeding)|313
0770|Scarlet Tanager (Breeding Male)|/DATA_init/nabirds/images_128/0770|Birds//Perching Birds//Cardinals, Grosbeaks, and Allies//Scarlet Tanager//Scarlet Tanager (Breeding Male)|314
0771|Western Tanager (Breeding Male)|/DATA_init/nabirds/images_128/0771|Birds//Perching Birds//Cardinals, Grosbeaks, and Allies//Western Tanager//Western Tanager (Breeding Male)|315
0772|Northern Cardinal (Adult Male)|/DATA_init/nabirds/images_128/0772|Birds//Perching Birds//Cardinals, Grosbeaks, and Allies//Northern Cardinal//Northern Cardinal (Adult Male)|316
0773|Rose-breasted Grosbeak (Adult Male)|/DATA_init/nabirds/images_128/0773|Birds//Perching Birds//Cardinals, Grosbeaks, and Allies//Rose-breasted Grosbeak//Rose-breasted Grosbeak (Adult Male)|317
0774|Black-headed Grosbeak (Adult Male)|/DATA_init/nabirds/images_128/0774|Birds//Perching Birds//Cardinals, Grosbeaks, and Allies//Black-headed Grosbeak//Black-headed Grosbeak (Adult Male)|318
0775|Blue Grosbeak (Adult Male)|/DATA_init/nabirds/images_128/0775|Birds//Perching Birds//Cardinals, Grosbeaks, and Allies//Blue Grosbeak//Blue Grosbeak (Adult Male)|319
0776|Lazuli Bunting (Adult Male)|/DATA_init/nabirds/images_128/0776|Birds//Perching Birds//Cardinals, Grosbeaks, and Allies//Lazuli Bunting//Lazuli Bunting (Adult Male)|320
0777|Indigo Bunting (Adult Male)|/DATA_init/nabirds/images_128/0777|Birds//Perching Birds//Cardinals, Grosbeaks, and Allies//Indigo Bunting//Indigo Bunting (Adult Male)|321
0778|Painted Bunting (Adult Male)|/DATA_init/nabirds/images_128/0778|Birds//Perching Birds//Cardinals, Grosbeaks, and Allies//Painted Bunting//Painted Bunting (Adult Male)|322
0779|Bobolink (Breeding male)|/DATA_init/nabirds/images_128/0779|Birds//Perching Birds//Blackbirds and Allies//Bobolink//Bobolink (Breeding male)|323
0780|Red-winged Blackbird (Male)|/DATA_init/nabirds/images_128/0780|Birds//Perching Birds//Blackbirds and Allies//Red-winged Blackbird//Red-winged Blackbird (Male)|324
0781|Yellow-headed Blackbird (Adult Male)|/DATA_init/nabirds/images_128/0781|Birds//Perching Birds//Blackbirds and Allies//Yellow-headed Blackbird//Yellow-headed Blackbird (Adult Male)|325
0782|Brewer's Blackbird (Female/Juvenile)|/DATA_init/nabirds/images_128/0782|Birds//Perching Birds//Blackbirds and Allies//Brewer's Blackbird//Brewer's Blackbird (Female/Juvenile)|326
0783|Brown-headed Cowbird (Male)|/DATA_init/nabirds/images_128/0783|Birds//Perching Birds//Blackbirds and Allies//Brown-headed Cowbird//Brown-headed Cowbird (Male)|327
0784|Hooded Oriole (Adult male)|/DATA_init/nabirds/images_128/0784|Birds//Perching Birds//Blackbirds and Allies//Hooded Oriole//Hooded Oriole (Adult male)|328
0785|Bullock's Oriole (Adult male)|/DATA_init/nabirds/images_128/0785|Birds//Perching Birds//Blackbirds and Allies//Bullock's Oriole//Bullock's Oriole (Adult male)|329
0786|Baltimore Oriole (Adult male)|/DATA_init/nabirds/images_128/0786|Birds//Perching Birds//Blackbirds and Allies//Baltimore Oriole//Baltimore Oriole (Adult male)|330
0787|Pine Grosbeak (Adult Male)|/DATA_init/nabirds/images_128/0787|Birds//Perching Birds//Finches and Allies//Pine Grosbeak//Pine Grosbeak (Adult Male)|331
0788|Purple Finch (Adult Male)|/DATA_init/nabirds/images_128/0788|Birds//Perching Birds//Finches and Allies//Purple Finch//Purple Finch (Adult Male)|332
0789|Cassin's Finch (Adult Male)|/DATA_init/nabirds/images_128/0789|Birds//Perching Birds//Finches and Allies//Cassin's Finch//Cassin's Finch (Adult Male)|333
0790|House Finch (Adult Male)|/DATA_init/nabirds/images_128/0790|Birds//Perching Birds//Finches and Allies//House Finch//House Finch (Adult Male)|334
0791|Red Crossbill (Adult Male)|/DATA_init/nabirds/images_128/0791|Birds//Perching Birds//Finches and Allies//Red Crossbill//Red Crossbill (Adult Male)|335
0792|White-winged Crossbill (Adult Male)|/DATA_init/nabirds/images_128/0792|Birds//Perching Birds//Finches and Allies//White-winged Crossbill//White-winged Crossbill (Adult Male)|336
0793|Lesser Goldfinch (Adult Male)|/DATA_init/nabirds/images_128/0793|Birds//Perching Birds//Finches and Allies//Lesser Goldfinch//Lesser Goldfinch (Adult Male)|337
0794|American Goldfinch (Breeding Male)|/DATA_init/nabirds/images_128/0794|Birds//Perching Birds//Finches and Allies//American Goldfinch//American Goldfinch (Breeding Male)|338
0795|Evening Grosbeak (Adult Male)|/DATA_init/nabirds/images_128/0795|Birds//Perching Birds//Finches and Allies//Evening Grosbeak//Evening Grosbeak (Adult Male)|339
0796|House Sparrow (Male)|/DATA_init/nabirds/images_128/0796|Birds//Perching Birds//Old World Sparrows//House Sparrow//House Sparrow (Male)|340
0797|Vermilion Flycatcher (Adult male)|/DATA_init/nabirds/images_128/0797|Birds//Perching Birds//Tyrant Flycatchers//Vermilion Flycatcher//Vermilion Flycatcher (Adult male)|341
0798|Yellow-rumped Warbler (Winter/juvenile Myrtle)|/DATA_init/nabirds/images_128/0798|Birds//Perching Birds//Wood-Warblers//Yellow-rumped Warbler//Yellow-rumped Warbler (Winter/juvenile Myrtle)|342
0799|Northwestern Crow|/DATA_init/nabirds/images_128/0799|Birds//Perching Birds//Jays, Magpies, and Crows//Northwestern Crow//Northwestern Crow|343
0800|Fish Crow|/DATA_init/nabirds/images_128/0800|Birds//Perching Birds//Jays, Magpies, and Crows//Fish Crow//Fish Crow|344
0801|Chihuahuan Raven|/DATA_init/nabirds/images_128/0801|Birds//Perching Birds//Jays, Magpies, and Crows//Chihuahuan Raven//Chihuahuan Raven|345
0802|Common Raven|/DATA_init/nabirds/images_128/0802|Birds//Perching Birds//Jays, Magpies, and Crows//Common Raven//Common Raven|346
0803|Horned Lark|/DATA_init/nabirds/images_128/0803|Birds//Perching Birds//Larks//Horned Lark//Horned Lark|347
0804|Tree Swallow|/DATA_init/nabirds/images_128/0804|Birds//Perching Birds//Swallows//Tree Swallow//Tree Swallow|348
0805|Violet-green Swallow|/DATA_init/nabirds/images_128/0805|Birds//Perching Birds//Swallows//Violet-green Swallow//Violet-green Swallow|349
0806|Northern Rough-winged Swallow|/DATA_init/nabirds/images_128/0806|Birds//Perching Birds//Swallows//Northern Rough-winged Swallow//Northern Rough-winged Swallow|350
0807|Bank Swallow|/DATA_init/nabirds/images_128/0807|Birds//Perching Birds//Swallows//Bank Swallow//Bank Swallow|351
0808|Cliff Swallow|/DATA_init/nabirds/images_128/0808|Birds//Perching Birds//Swallows//Cliff Swallow//Cliff Swallow|352
0809|Cave Swallow|/DATA_init/nabirds/images_128/0809|Birds//Perching Birds//Swallows//Cave Swallow//Cave Swallow|353
0810|Barn Swallow|/DATA_init/nabirds/images_128/0810|Birds//Perching Birds//Swallows//Barn Swallow//Barn Swallow|354
0811|Carolina Chickadee|/DATA_init/nabirds/images_128/0811|Birds//Perching Birds//Chickadees and Titmice//Carolina Chickadee//Carolina Chickadee|355
0812|Black-capped Chickadee|/DATA_init/nabirds/images_128/0812|Birds//Perching Birds//Chickadees and Titmice//Black-capped Chickadee//Black-capped Chickadee|356
0813|Mountain Chickadee|/DATA_init/nabirds/images_128/0813|Birds//Perching Birds//Chickadees and Titmice//Mountain Chickadee//Mountain Chickadee|357
0814|Chestnut-backed Chickadee|/DATA_init/nabirds/images_128/0814|Birds//Perching Birds//Chickadees and Titmice//Chestnut-backed Chickadee//Chestnut-backed Chickadee|358
0815|Boreal Chickadee|/DATA_init/nabirds/images_128/0815|Birds//Perching Birds//Chickadees and Titmice//Boreal Chickadee//Boreal Chickadee|359
0816|Bridled Titmouse|/DATA_init/nabirds/images_128/0816|Birds//Perching Birds//Chickadees and Titmice//Bridled Titmouse//Bridled Titmouse|360
0817|Oak Titmouse|/DATA_init/nabirds/images_128/0817|Birds//Perching Birds//Chickadees and Titmice//Oak Titmouse//Oak Titmouse|361
0818|Juniper Titmouse|/DATA_init/nabirds/images_128/0818|Birds//Perching Birds//Chickadees and Titmice//Juniper Titmouse//Juniper Titmouse|362
0819|Tufted Titmouse|/DATA_init/nabirds/images_128/0819|Birds//Perching Birds//Chickadees and Titmice//Tufted Titmouse//Tufted Titmouse|363
0820|Black-crested Titmouse|/DATA_init/nabirds/images_128/0820|Birds//Perching Birds//Chickadees and Titmice//Black-crested Titmouse//Black-crested Titmouse|364
0821|Verdin|/DATA_init/nabirds/images_128/0821|Birds//Perching Birds//Verdin//Verdin//Verdin|365
0822|Bushtit|/DATA_init/nabirds/images_128/0822|Birds//Perching Birds//Bushtits//Bushtit//Bushtit|366
0823|Red-breasted Nuthatch|/DATA_init/nabirds/images_128/0823|Birds//Perching Birds//Nuthatches//Red-breasted Nuthatch//Red-breasted Nuthatch|367
0824|White-breasted Nuthatch|/DATA_init/nabirds/images_128/0824|Birds//Perching Birds//Nuthatches//White-breasted Nuthatch//White-breasted Nuthatch|368
0825|Pygmy Nuthatch|/DATA_init/nabirds/images_128/0825|Birds//Perching Birds//Nuthatches//Pygmy Nuthatch//Pygmy Nuthatch|369
0826|Brown-headed Nuthatch|/DATA_init/nabirds/images_128/0826|Birds//Perching Birds//Nuthatches//Brown-headed Nuthatch//Brown-headed Nuthatch|370
0827|Brown Creeper|/DATA_init/nabirds/images_128/0827|Birds//Perching Birds//Creepers//Brown Creeper//Brown Creeper|371
0828|Cactus Wren|/DATA_init/nabirds/images_128/0828|Birds//Perching Birds//Wrens//Cactus Wren//Cactus Wren|372
0829|Canyon Wren|/DATA_init/nabirds/images_128/0829|Birds//Perching Birds//Wrens//Canyon Wren//Canyon Wren|373
0830|Carolina Wren|/DATA_init/nabirds/images_128/0830|Birds//Perching Birds//Wrens//Carolina Wren//Carolina Wren|374
0831|Bewick's Wren|/DATA_init/nabirds/images_128/0831|Birds//Perching Birds//Wrens//Bewick's Wren//Bewick's Wren|375
0832|House Wren|/DATA_init/nabirds/images_128/0832|Birds//Perching Birds//Wrens//House Wren//House Wren|376
0833|Pacific Wren|/DATA_init/nabirds/images_128/0833|Birds//Perching Birds//Wrens//Pacific Wren//Pacific Wren|377
0834|Winter Wren|/DATA_init/nabirds/images_128/0834|Birds//Perching Birds//Wrens//Winter Wren//Winter Wren|378
0835|Marsh Wren|/DATA_init/nabirds/images_128/0835|Birds//Perching Birds//Wrens//Marsh Wren//Marsh Wren|379
0836|Blue-gray Gnatcatcher|/DATA_init/nabirds/images_128/0836|Birds//Perching Birds//Gnatcatchers//Blue-gray Gnatcatcher//Blue-gray Gnatcatcher|380
0837|Black-tailed Gnatcatcher|/DATA_init/nabirds/images_128/0837|Birds//Perching Birds//Gnatcatchers//Black-tailed Gnatcatcher//Black-tailed Gnatcatcher|381
0838|American Dipper|/DATA_init/nabirds/images_128/0838|Birds//Perching Birds//Dippers//American Dipper//American Dipper|382
0839|Golden-crowned Kinglet|/DATA_init/nabirds/images_128/0839|Birds//Perching Birds//Kinglets//Golden-crowned Kinglet//Golden-crowned Kinglet|383
0840|Ruby-crowned Kinglet|/DATA_init/nabirds/images_128/0840|Birds//Perching Birds//Kinglets//Ruby-crowned Kinglet//Ruby-crowned Kinglet|384
0841|Wrentit|/DATA_init/nabirds/images_128/0841|Birds//Perching Birds//Old World Warblers//Wrentit//Wrentit|385
0842|Eastern Bluebird|/DATA_init/nabirds/images_128/0842|Birds//Perching Birds//Thrushes//Eastern Bluebird//Eastern Bluebird|386
0843|Western Bluebird|/DATA_init/nabirds/images_128/0843|Birds//Perching Birds//Thrushes//Western Bluebird//Western Bluebird|387
0844|Mountain Bluebird|/DATA_init/nabirds/images_128/0844|Birds//Perching Birds//Thrushes//Mountain Bluebird//Mountain Bluebird|388
0845|Townsend's Solitaire|/DATA_init/nabirds/images_128/0845|Birds//Perching Birds//Thrushes//Townsend's Solitaire//Townsend's Solitaire|389
0846|Veery|/DATA_init/nabirds/images_128/0846|Birds//Perching Birds//Thrushes//Veery//Veery|390
0847|Swainson's Thrush|/DATA_init/nabirds/images_128/0847|Birds//Perching Birds//Thrushes//Swainson's Thrush//Swainson's Thrush|391
0848|Hermit Thrush|/DATA_init/nabirds/images_128/0848|Birds//Perching Birds//Thrushes//Hermit Thrush//Hermit Thrush|392
0849|Wood Thrush|/DATA_init/nabirds/images_128/0849|Birds//Perching Birds//Thrushes//Wood Thrush//Wood Thrush|393
0850|Varied Thrush|/DATA_init/nabirds/images_128/0850|Birds//Perching Birds//Thrushes//Varied Thrush//Varied Thrush|394
0851|Gray Catbird|/DATA_init/nabirds/images_128/0851|Birds//Perching Birds//Mockingbirds, Thrashers, and Allies//Gray Catbird//Gray Catbird|395
0852|Northern Mockingbird|/DATA_init/nabirds/images_128/0852|Birds//Perching Birds//Mockingbirds, Thrashers, and Allies//Northern Mockingbird//Northern Mockingbird|396
0853|Brown Thrasher|/DATA_init/nabirds/images_128/0853|Birds//Perching Birds//Mockingbirds, Thrashers, and Allies//Brown Thrasher//Brown Thrasher|397
0854|Curve-billed Thrasher|/DATA_init/nabirds/images_128/0854|Birds//Perching Birds//Mockingbirds, Thrashers, and Allies//Curve-billed Thrasher//Curve-billed Thrasher|398
0855|California Thrasher|/DATA_init/nabirds/images_128/0855|Birds//Perching Birds//Mockingbirds, Thrashers, and Allies//California Thrasher//California Thrasher|399
0856|European Starling (Nonbreeding Adult)|/DATA_init/nabirds/images_128/0856|Birds//Perching Birds//Starlings and Allies//European Starling//European Starling (Nonbreeding Adult)|400
0857|American Pipit|/DATA_init/nabirds/images_128/0857|Birds//Perching Birds//Wagtails and Pipits//American Pipit//American Pipit|401
0858|Bohemian Waxwing|/DATA_init/nabirds/images_128/0858|Birds//Perching Birds//Waxwings//Bohemian Waxwing//Bohemian Waxwing|402
0859|Cedar Waxwing|/DATA_init/nabirds/images_128/0859|Birds//Perching Birds//Waxwings//Cedar Waxwing//Cedar Waxwing|403
0860|Ovenbird|/DATA_init/nabirds/images_128/0860|Birds//Perching Birds//Wood-Warblers//Ovenbird//Ovenbird|404
0861|Louisiana Waterthrush|/DATA_init/nabirds/images_128/0861|Birds//Perching Birds//Wood-Warblers//Louisiana Waterthrush//Louisiana Waterthrush|405
0862|Northern Waterthrush|/DATA_init/nabirds/images_128/0862|Birds//Perching Birds//Wood-Warblers//Northern Waterthrush//Northern Waterthrush|406
0863|Blue-winged Warbler|/DATA_init/nabirds/images_128/0863|Birds//Perching Birds//Wood-Warblers//Blue-winged Warbler//Blue-winged Warbler|407
0864|Black-and-white Warbler|/DATA_init/nabirds/images_128/0864|Birds//Perching Birds//Wood-Warblers//Black-and-white Warbler//Black-and-white Warbler|408
0865|Prothonotary Warbler|/DATA_init/nabirds/images_128/0865|Birds//Perching Birds//Wood-Warblers//Prothonotary Warbler//Prothonotary Warbler|409
0866|Tennessee Warbler|/DATA_init/nabirds/images_128/0866|Birds//Perching Birds//Wood-Warblers//Tennessee Warbler//Tennessee Warbler|410
0867|Orange-crowned Warbler|/DATA_init/nabirds/images_128/0867|Birds//Perching Birds//Wood-Warblers//Orange-crowned Warbler//Orange-crowned Warbler|411
0868|Nashville Warbler|/DATA_init/nabirds/images_128/0868|Birds//Perching Birds//Wood-Warblers//Nashville Warbler//Nashville Warbler|412
0869|MacGillivray's Warbler|/DATA_init/nabirds/images_128/0869|Birds//Perching Birds//Wood-Warblers//MacGillivray's Warbler//MacGillivray's Warbler|413
0870|Mourning Warbler|/DATA_init/nabirds/images_128/0870|Birds//Perching Birds//Wood-Warblers//Mourning Warbler//Mourning Warbler|414
0871|Hooded Warbler|/DATA_init/nabirds/images_128/0871|Birds//Perching Birds//Wood-Warblers//Hooded Warbler//Hooded Warbler|415
0872|Cape May Warbler|/DATA_init/nabirds/images_128/0872|Birds//Perching Birds//Wood-Warblers//Cape May Warbler//Cape May Warbler|416
0873|Northern Parula|/DATA_init/nabirds/images_128/0873|Birds//Perching Birds//Wood-Warblers//Northern Parula//Northern Parula|417
0874|Blackburnian Warbler|/DATA_init/nabirds/images_128/0874|Birds//Perching Birds//Wood-Warblers//Blackburnian Warbler//Blackburnian Warbler|418
0875|Yellow Warbler|/DATA_init/nabirds/images_128/0875|Birds//Perching Birds//Wood-Warblers//Yellow Warbler//Yellow Warbler|419
0876|Palm Warbler|/DATA_init/nabirds/images_128/0876|Birds//Perching Birds//Wood-Warblers//Palm Warbler//Palm Warbler|420
0877|Pine Warbler|/DATA_init/nabirds/images_128/0877|Birds//Perching Birds//Wood-Warblers//Pine Warbler//Pine Warbler|421
0878|Yellow-throated Warbler|/DATA_init/nabirds/images_128/0878|Birds//Perching Birds//Wood-Warblers//Yellow-throated Warbler//Yellow-throated Warbler|422
0879|Prairie Warbler|/DATA_init/nabirds/images_128/0879|Birds//Perching Birds//Wood-Warblers//Prairie Warbler//Prairie Warbler|423
0880|Black-throated Gray Warbler|/DATA_init/nabirds/images_128/0880|Birds//Perching Birds//Wood-Warblers//Black-throated Gray Warbler//Black-throated Gray Warbler|424
0881|Townsend's Warbler|/DATA_init/nabirds/images_128/0881|Birds//Perching Birds//Wood-Warblers//Townsend's Warbler//Townsend's Warbler|425
0882|Hermit Warbler|/DATA_init/nabirds/images_128/0882|Birds//Perching Birds//Wood-Warblers//Hermit Warbler//Hermit Warbler|426
0883|Black-throated Green Warbler|/DATA_init/nabirds/images_128/0883|Birds//Perching Birds//Wood-Warblers//Black-throated Green Warbler//Black-throated Green Warbler|427
0884|Canada Warbler|/DATA_init/nabirds/images_128/0884|Birds//Perching Birds//Wood-Warblers//Canada Warbler//Canada Warbler|428
0885|Wilson's Warbler|/DATA_init/nabirds/images_128/0885|Birds//Perching Birds//Wood-Warblers//Wilson's Warbler//Wilson's Warbler|429
0886|Yellow-breasted Chat|/DATA_init/nabirds/images_128/0886|Birds//Perching Birds//Wood-Warblers//Yellow-breasted Chat//Yellow-breasted Chat|430
0887|Green-tailed Towhee|/DATA_init/nabirds/images_128/0887|Birds//Perching Birds//New World Sparrows and Allies//Green-tailed Towhee//Green-tailed Towhee|431
0888|Spotted Towhee|/DATA_init/nabirds/images_128/0888|Birds//Perching Birds//New World Sparrows and Allies//Spotted Towhee//Spotted Towhee|432
0889|Eastern Towhee|/DATA_init/nabirds/images_128/0889|Birds//Perching Birds//New World Sparrows and Allies//Eastern Towhee//Eastern Towhee|433
0890|Rufous-crowned Sparrow|/DATA_init/nabirds/images_128/0890|Birds//Perching Birds//New World Sparrows and Allies//Rufous-crowned Sparrow//Rufous-crowned Sparrow|434
0891|Canyon Towhee|/DATA_init/nabirds/images_128/0891|Birds//Perching Birds//New World Sparrows and Allies//Canyon Towhee//Canyon Towhee|435
0892|California Towhee|/DATA_init/nabirds/images_128/0892|Birds//Perching Birds//New World Sparrows and Allies//California Towhee//California Towhee|436
0893|Abert's Towhee|/DATA_init/nabirds/images_128/0893|Birds//Perching Birds//New World Sparrows and Allies//Abert's Towhee//Abert's Towhee|437
0894|American Tree Sparrow|/DATA_init/nabirds/images_128/0894|Birds//Perching Birds//New World Sparrows and Allies//American Tree Sparrow//American Tree Sparrow|438
0895|Clay-colored Sparrow|/DATA_init/nabirds/images_128/0895|Birds//Perching Birds//New World Sparrows and Allies//Clay-colored Sparrow//Clay-colored Sparrow|439
0896|Brewer's Sparrow|/DATA_init/nabirds/images_128/0896|Birds//Perching Birds//New World Sparrows and Allies//Brewer's Sparrow//Brewer's Sparrow|440
0897|Field Sparrow|/DATA_init/nabirds/images_128/0897|Birds//Perching Birds//New World Sparrows and Allies//Field Sparrow//Field Sparrow|441
0898|Vesper Sparrow|/DATA_init/nabirds/images_128/0898|Birds//Perching Birds//New World Sparrows and Allies//Vesper Sparrow//Vesper Sparrow|442
0899|Lark Sparrow|/DATA_init/nabirds/images_128/0899|Birds//Perching Birds//New World Sparrows and Allies//Lark Sparrow//Lark Sparrow|443
0900|Savannah Sparrow|/DATA_init/nabirds/images_128/0900|Birds//Perching Birds//New World Sparrows and Allies//Savannah Sparrow//Savannah Sparrow|444
0901|Fox Sparrow (Sooty)|/DATA_init/nabirds/images_128/0901|Birds//Perching Birds//New World Sparrows and Allies//Fox Sparrow//Fox Sparrow (Sooty)|445
0902|Song Sparrow|/DATA_init/nabirds/images_128/0902|Birds//Perching Birds//New World Sparrows and Allies//Song Sparrow//Song Sparrow|446
0903|Lincoln's Sparrow|/DATA_init/nabirds/images_128/0903|Birds//Perching Birds//New World Sparrows and Allies//Lincoln's Sparrow//Lincoln's Sparrow|447
0904|Swamp Sparrow|/DATA_init/nabirds/images_128/0904|Birds//Perching Birds//New World Sparrows and Allies//Swamp Sparrow//Swamp Sparrow|448
0905|Dark-eyed Junco (Pink-sided)|/DATA_init/nabirds/images_128/0905|Birds//Perching Birds//New World Sparrows and Allies//Dark-eyed Junco//Dark-eyed Junco (Pink-sided)|449
0906|Summer Tanager (Female)|/DATA_init/nabirds/images_128/0906|Birds//Perching Birds//Cardinals, Grosbeaks, and Allies//Summer Tanager//Summer Tanager (Female)|450
0907|Pyrrhuloxia|/DATA_init/nabirds/images_128/0907|Birds//Perching Birds//Cardinals, Grosbeaks, and Allies//Pyrrhuloxia//Pyrrhuloxia|451
0908|Dickcissel|/DATA_init/nabirds/images_128/0908|Birds//Perching Birds//Cardinals, Grosbeaks, and Allies//Dickcissel//Dickcissel|452
0909|Eastern Meadowlark|/DATA_init/nabirds/images_128/0909|Birds//Perching Birds//Blackbirds and Allies//Eastern Meadowlark//Eastern Meadowlark|453
0910|Western Meadowlark|/DATA_init/nabirds/images_128/0910|Birds//Perching Birds//Blackbirds and Allies//Western Meadowlark//Western Meadowlark|454
0911|Rusty Blackbird|/DATA_init/nabirds/images_128/0911|Birds//Perching Birds//Blackbirds and Allies//Rusty Blackbird//Rusty Blackbird|455
0912|Common Grackle|/DATA_init/nabirds/images_128/0912|Birds//Perching Birds//Blackbirds and Allies//Common Grackle//Common Grackle|456
0913|Boat-tailed Grackle|/DATA_init/nabirds/images_128/0913|Birds//Perching Birds//Blackbirds and Allies//Boat-tailed Grackle//Boat-tailed Grackle|457
0914|Great-tailed Grackle|/DATA_init/nabirds/images_128/0914|Birds//Perching Birds//Blackbirds and Allies//Great-tailed Grackle//Great-tailed Grackle|458
0915|Bronzed Cowbird|/DATA_init/nabirds/images_128/0915|Birds//Perching Birds//Blackbirds and Allies//Bronzed Cowbird//Bronzed Cowbird|459
0916|Orchard Oriole (Immature Male)|/DATA_init/nabirds/images_128/0916|Birds//Perching Birds//Blackbirds and Allies//Orchard Oriole//Orchard Oriole (Immature Male)|460
0917|Gray-crowned Rosy-Finch|/DATA_init/nabirds/images_128/0917|Birds//Perching Birds//Finches and Allies//Gray-crowned Rosy-Finch//Gray-crowned Rosy-Finch|461
0918|Black Rosy-Finch|/DATA_init/nabirds/images_128/0918|Birds//Perching Birds//Finches and Allies//Black Rosy-Finch//Black Rosy-Finch|462
0919|Brown-capped Rosy-Finch|/DATA_init/nabirds/images_128/0919|Birds//Perching Birds//Finches and Allies//Brown-capped Rosy-Finch//Brown-capped Rosy-Finch|463
0920|Common Redpoll|/DATA_init/nabirds/images_128/0920|Birds//Perching Birds//Finches and Allies//Common Redpoll//Common Redpoll|464
0921|Hoary Redpoll|/DATA_init/nabirds/images_128/0921|Birds//Perching Birds//Finches and Allies//Hoary Redpoll//Hoary Redpoll|465
0922|Pine Siskin|/DATA_init/nabirds/images_128/0922|Birds//Perching Birds//Finches and Allies//Pine Siskin//Pine Siskin|466
0923|Western Wood-Pewee|/DATA_init/nabirds/images_128/0923|Birds//Perching Birds//Tyrant Flycatchers//Western Wood-Pewee//Western Wood-Pewee|467
0924|Eastern Wood-Pewee|/DATA_init/nabirds/images_128/0924|Birds//Perching Birds//Tyrant Flycatchers//Eastern Wood-Pewee//Eastern Wood-Pewee|468
0925|Least Flycatcher|/DATA_init/nabirds/images_128/0925|Birds//Perching Birds//Tyrant Flycatchers//Least Flycatcher//Least Flycatcher|469
0926|Pacific-slope Flycatcher|/DATA_init/nabirds/images_128/0926|Birds//Perching Birds//Tyrant Flycatchers//Pacific-slope Flycatcher//Pacific-slope Flycatcher|470
0927|Cordilleran Flycatcher|/DATA_init/nabirds/images_128/0927|Birds//Perching Birds//Tyrant Flycatchers//Cordilleran Flycatcher//Cordilleran Flycatcher|471
0928|Black Phoebe|/DATA_init/nabirds/images_128/0928|Birds//Perching Birds//Tyrant Flycatchers//Black Phoebe//Black Phoebe|472
0929|Eastern Phoebe|/DATA_init/nabirds/images_128/0929|Birds//Perching Birds//Tyrant Flycatchers//Eastern Phoebe//Eastern Phoebe|473
0930|Say's Phoebe|/DATA_init/nabirds/images_128/0930|Birds//Perching Birds//Tyrant Flycatchers//Say's Phoebe//Say's Phoebe|474
0931|Ash-throated Flycatcher|/DATA_init/nabirds/images_128/0931|Birds//Perching Birds//Tyrant Flycatchers//Ash-throated Flycatcher//Ash-throated Flycatcher|475
0932|Great Crested Flycatcher|/DATA_init/nabirds/images_128/0932|Birds//Perching Birds//Tyrant Flycatchers//Great Crested Flycatcher//Great Crested Flycatcher|476
0933|Cassin's Kingbird|/DATA_init/nabirds/images_128/0933|Birds//Perching Birds//Tyrant Flycatchers//Cassin's Kingbird//Cassin's Kingbird|477
0934|Western Kingbird|/DATA_init/nabirds/images_128/0934|Birds//Perching Birds//Tyrant Flycatchers//Western Kingbird//Western Kingbird|478
0935|Eastern Kingbird|/DATA_init/nabirds/images_128/0935|Birds//Perching Birds//Tyrant Flycatchers//Eastern Kingbird//Eastern Kingbird|479
0936|Scissor-tailed Flycatcher|/DATA_init/nabirds/images_128/0936|Birds//Perching Birds//Tyrant Flycatchers//Scissor-tailed Flycatcher//Scissor-tailed Flycatcher|480
0937|Loggerhead Shrike|/DATA_init/nabirds/images_128/0937|Birds//Perching Birds//Shrikes//Loggerhead Shrike//Loggerhead Shrike|481
0938|Northern Shrike|/DATA_init/nabirds/images_128/0938|Birds//Perching Birds//Shrikes//Northern Shrike//Northern Shrike|482
0939|White-eyed Vireo|/DATA_init/nabirds/images_128/0939|Birds//Perching Birds//Vireos//White-eyed Vireo//White-eyed Vireo|483
0940|Bell's Vireo|/DATA_init/nabirds/images_128/0940|Birds//Perching Birds//Vireos//Bell's Vireo//Bell's Vireo|484
0941|Yellow-throated Vireo|/DATA_init/nabirds/images_128/0941|Birds//Perching Birds//Vireos//Yellow-throated Vireo//Yellow-throated Vireo|485
0942|Plumbeous Vireo|/DATA_init/nabirds/images_128/0942|Birds//Perching Birds//Vireos//Plumbeous Vireo//Plumbeous Vireo|486
0943|Cassin's Vireo|/DATA_init/nabirds/images_128/0943|Birds//Perching Birds//Vireos//Cassin's Vireo//Cassin's Vireo|487
0944|Blue-headed Vireo|/DATA_init/nabirds/images_128/0944|Birds//Perching Birds//Vireos//Blue-headed Vireo//Blue-headed Vireo|488
0945|Hutton's Vireo|/DATA_init/nabirds/images_128/0945|Birds//Perching Birds//Vireos//Hutton's Vireo//Hutton's Vireo|489
0946|Warbling Vireo|/DATA_init/nabirds/images_128/0946|Birds//Perching Birds//Vireos//Warbling Vireo//Warbling Vireo|490
0947|Red-eyed Vireo|/DATA_init/nabirds/images_128/0947|Birds//Perching Birds//Vireos//Red-eyed Vireo//Red-eyed Vireo|491
0948|Gray Jay|/DATA_init/nabirds/images_128/0948|Birds//Perching Birds//Jays, Magpies, and Crows//Gray Jay//Gray Jay|492
0949|Steller's Jay|/DATA_init/nabirds/images_128/0949|Birds//Perching Birds//Jays, Magpies, and Crows//Steller's Jay//Steller's Jay|493
0950|Blue Jay|/DATA_init/nabirds/images_128/0950|Birds//Perching Birds//Jays, Magpies, and Crows//Blue Jay//Blue Jay|494
0951|Florida Scrub-Jay|/DATA_init/nabirds/images_128/0951|Birds//Perching Birds//Jays, Magpies, and Crows//Florida Scrub-Jay//Florida Scrub-Jay|495
0952|Western Scrub-Jay|/DATA_init/nabirds/images_128/0952|Birds//Perching Birds//Jays, Magpies, and Crows//Western Scrub-Jay//Western Scrub-Jay|496
0953|Mexican Jay|/DATA_init/nabirds/images_128/0953|Birds//Perching Birds//Jays, Magpies, and Crows//Mexican Jay//Mexican Jay|497
0954|Clark's Nutcracker|/DATA_init/nabirds/images_128/0954|Birds//Perching Birds//Jays, Magpies, and Crows//Clark's Nutcracker//Clark's Nutcracker|498
0955|Black-billed Magpie|/DATA_init/nabirds/images_128/0955|Birds//Perching Birds//Jays, Magpies, and Crows//Black-billed Magpie//Black-billed Magpie|499
0956|Yellow-billed Magpie|/DATA_init/nabirds/images_128/0956|Birds//Perching Birds//Jays, Magpies, and Crows//Yellow-billed Magpie//Yellow-billed Magpie|500
0957|American Crow|/DATA_init/nabirds/images_128/0957|Birds//Perching Birds//Jays, Magpies, and Crows//American Crow//American Crow|501
0958|Yellow-rumped Warbler (Breeding Audubon's)|/DATA_init/nabirds/images_128/0958|Birds//Perching Birds//Wood-Warblers//Yellow-rumped Warbler//Yellow-rumped Warbler (Breeding Audubon's)|502
0959|Purple Martin (Female/juvenile)|/DATA_init/nabirds/images_128/0959|Birds//Perching Birds//Swallows//Purple Martin//Purple Martin (Female/juvenile)|503
0960|American Robin (Juvenile)|/DATA_init/nabirds/images_128/0960|Birds//Perching Birds//Thrushes//American Robin//American Robin (Juvenile)|504
0961|Phainopepla (Male)|/DATA_init/nabirds/images_128/0961|Birds//Perching Birds//Silky-Flycatchers//Phainopepla//Phainopepla (Male)|505
0962|Snow Bunting (Nonbreeding)|/DATA_init/nabirds/images_128/0962|Birds//Perching Birds//Longspurs and Snow Buntings//Snow Bunting//Snow Bunting (Nonbreeding)|506
0963|Common Yellowthroat (Female/immature male)|/DATA_init/nabirds/images_128/0963|Birds//Perching Birds//Wood-Warblers//Common Yellowthroat//Common Yellowthroat (Female/immature male)|507
0964|American Redstart (Female/juvenile)|/DATA_init/nabirds/images_128/0964|Birds//Perching Birds//Wood-Warblers//American Redstart//American Redstart (Female/juvenile)|508
0965|Magnolia Warbler (Female/immature male)|/DATA_init/nabirds/images_128/0965|Birds//Perching Birds//Wood-Warblers//Magnolia Warbler//Magnolia Warbler (Female/immature male)|509
0966|Bay-breasted Warbler (Female, Nonbreeding male, Immature)|/DATA_init/nabirds/images_128/0966|Birds//Perching Birds//Wood-Warblers//Bay-breasted Warbler//Bay-breasted Warbler (Female, Nonbreeding male, Immature)|510
0967|Chestnut-sided Warbler (Female/immature male)|/DATA_init/nabirds/images_128/0967|Birds//Perching Birds//Wood-Warblers//Chestnut-sided Warbler//Chestnut-sided Warbler (Female/immature male)|511
0968|Blackpoll Warbler (Female/juvenile)|/DATA_init/nabirds/images_128/0968|Birds//Perching Birds//Wood-Warblers//Blackpoll Warbler//Blackpoll Warbler (Female/juvenile)|512
0969|Black-throated Blue Warbler (Female/Immature male)|/DATA_init/nabirds/images_128/0969|Birds//Perching Birds//Wood-Warblers//Black-throated Blue Warbler//Black-throated Blue Warbler (Female/Immature male)|513
0970|Lark Bunting (Female/Nonbreeding male)|/DATA_init/nabirds/images_128/0970|Birds//Perching Birds//New World Sparrows and Allies//Lark Bunting//Lark Bunting (Female/Nonbreeding male)|514
0971|White-throated Sparrow (Tan-striped/immature)|/DATA_init/nabirds/images_128/0971|Birds//Perching Birds//New World Sparrows and Allies//White-throated Sparrow//White-throated Sparrow (Tan-striped/immature)|515
0972|Harris's Sparrow (Immature)|/DATA_init/nabirds/images_128/0972|Birds//Perching Birds//New World Sparrows and Allies//Harris's Sparrow//Harris's Sparrow (Immature)|516
0973|White-crowned Sparrow (Immature)|/DATA_init/nabirds/images_128/0973|Birds//Perching Birds//New World Sparrows and Allies//White-crowned Sparrow//White-crowned Sparrow (Immature)|517
0974|Golden-crowned Sparrow (Immature)|/DATA_init/nabirds/images_128/0974|Birds//Perching Birds//New World Sparrows and Allies//Golden-crowned Sparrow//Golden-crowned Sparrow (Immature)|518
0975|Dark-eyed Junco (White-winged)|/DATA_init/nabirds/images_128/0975|Birds//Perching Birds//New World Sparrows and Allies//Dark-eyed Junco//Dark-eyed Junco (White-winged)|519
0976|Chipping Sparrow (Immature/nonbreeding adult)|/DATA_init/nabirds/images_128/0976|Birds//Perching Birds//New World Sparrows and Allies//Chipping Sparrow//Chipping Sparrow (Immature/nonbreeding adult)|520
0977|Scarlet Tanager (Female/Nonbreeding Male)|/DATA_init/nabirds/images_128/0977|Birds//Perching Birds//Cardinals, Grosbeaks, and Allies//Scarlet Tanager//Scarlet Tanager (Female/Nonbreeding Male)|521
0978|Western Tanager (Female/Nonbreeding Male)|/DATA_init/nabirds/images_128/0978|Birds//Perching Birds//Cardinals, Grosbeaks, and Allies//Western Tanager//Western Tanager (Female/Nonbreeding Male)|522
0979|Northern Cardinal (Female/Juvenile)|/DATA_init/nabirds/images_128/0979|Birds//Perching Birds//Cardinals, Grosbeaks, and Allies//Northern Cardinal//Northern Cardinal (Female/Juvenile)|523
0980|Rose-breasted Grosbeak (Female/immature male)|/DATA_init/nabirds/images_128/0980|Birds//Perching Birds//Cardinals, Grosbeaks, and Allies//Rose-breasted Grosbeak//Rose-breasted Grosbeak (Female/immature male)|524
0981|Black-headed Grosbeak (Female/immature male)|/DATA_init/nabirds/images_128/0981|Birds//Perching Birds//Cardinals, Grosbeaks, and Allies//Black-headed Grosbeak//Black-headed Grosbeak (Female/immature male)|525
0982|Blue Grosbeak (Female/juvenile)|/DATA_init/nabirds/images_128/0982|Birds//Perching Birds//Cardinals, Grosbeaks, and Allies//Blue Grosbeak//Blue Grosbeak (Female/juvenile)|526
0983|Lazuli Bunting (Female/juvenile)|/DATA_init/nabirds/images_128/0983|Birds//Perching Birds//Cardinals, Grosbeaks, and Allies//Lazuli Bunting//Lazuli Bunting (Female/juvenile)|527
0984|Indigo Bunting (Female/juvenile)|/DATA_init/nabirds/images_128/0984|Birds//Perching Birds//Cardinals, Grosbeaks, and Allies//Indigo Bunting//Indigo Bunting (Female/juvenile)|528
0985|Painted Bunting (Female/juvenile)|/DATA_init/nabirds/images_128/0985|Birds//Perching Birds//Cardinals, Grosbeaks, and Allies//Painted Bunting//Painted Bunting (Female/juvenile)|529
0986|Bobolink (Female/juvenile/nonbreeding male)|/DATA_init/nabirds/images_128/0986|Birds//Perching Birds//Blackbirds and Allies//Bobolink//Bobolink (Female/juvenile/nonbreeding male)|530
0987|Red-winged Blackbird (Female/juvenile)|/DATA_init/nabirds/images_128/0987|Birds//Perching Birds//Blackbirds and Allies//Red-winged Blackbird//Red-winged Blackbird (Female/juvenile)|531
0988|Yellow-headed Blackbird (Female/Immature Male)|/DATA_init/nabirds/images_128/0988|Birds//Perching Birds//Blackbirds and Allies//Yellow-headed Blackbird//Yellow-headed Blackbird (Female/Immature Male)|532
0989|Brewer's Blackbird (Male)|/DATA_init/nabirds/images_128/0989|Birds//Perching Birds//Blackbirds and Allies//Brewer's Blackbird//Brewer's Blackbird (Male)|533
0990|Brown-headed Cowbird (Female/Juvenile)|/DATA_init/nabirds/images_128/0990|Birds//Perching Birds//Blackbirds and Allies//Brown-headed Cowbird//Brown-headed Cowbird (Female/Juvenile)|534
0991|Hooded Oriole (Female/Immature male)|/DATA_init/nabirds/images_128/0991|Birds//Perching Birds//Blackbirds and Allies//Hooded Oriole//Hooded Oriole (Female/Immature male)|535
0992|Bullock's Oriole (Female/Immature male)|/DATA_init/nabirds/images_128/0992|Birds//Perching Birds//Blackbirds and Allies//Bullock's Oriole//Bullock's Oriole (Female/Immature male)|536
0993|Baltimore Oriole (Female/Immature male)|/DATA_init/nabirds/images_128/0993|Birds//Perching Birds//Blackbirds and Allies//Baltimore Oriole//Baltimore Oriole (Female/Immature male)|537
0994|Pine Grosbeak (Female/juvenile)|/DATA_init/nabirds/images_128/0994|Birds//Perching Birds//Finches and Allies//Pine Grosbeak//Pine Grosbeak (Female/juvenile)|538
0995|Purple Finch (Female/immature)|/DATA_init/nabirds/images_128/0995|Birds//Perching Birds//Finches and Allies//Purple Finch//Purple Finch (Female/immature)|539
0996|Cassin's Finch (Female/immature)|/DATA_init/nabirds/images_128/0996|Birds//Perching Birds//Finches and Allies//Cassin's Finch//Cassin's Finch (Female/immature)|540
0997|House Finch (Female/immature)|/DATA_init/nabirds/images_128/0997|Birds//Perching Birds//Finches and Allies//House Finch//House Finch (Female/immature)|541
0998|Red Crossbill (Female/juvenile)|/DATA_init/nabirds/images_128/0998|Birds//Perching Birds//Finches and Allies//Red Crossbill//Red Crossbill (Female/juvenile)|542
0999|White-winged Crossbill (Female/juvenile)|/DATA_init/nabirds/images_128/0999|Birds//Perching Birds//Finches and Allies//White-winged Crossbill//White-winged Crossbill (Female/juvenile)|543
1000|Lesser Goldfinch (Female/juvenile)|/DATA_init/nabirds/images_128/1000|Birds//Perching Birds//Finches and Allies//Lesser Goldfinch//Lesser Goldfinch (Female/juvenile)|544
1001|American Goldfinch (Female/Nonbreeding Male)|/DATA_init/nabirds/images_128/1001|Birds//Perching Birds//Finches and Allies//American Goldfinch//American Goldfinch (Female/Nonbreeding Male)|545
1002|Evening Grosbeak (Female/Juvenile)|/DATA_init/nabirds/images_128/1002|Birds//Perching Birds//Finches and Allies//Evening Grosbeak//Evening Grosbeak (Female/Juvenile)|546
1003|House Sparrow (Female/Juvenile)|/DATA_init/nabirds/images_128/1003|Birds//Perching Birds//Old World Sparrows//House Sparrow//House Sparrow (Female/Juvenile)|547
1004|Vermilion Flycatcher (Female, immature)|/DATA_init/nabirds/images_128/1004|Birds//Perching Birds//Tyrant Flycatchers//Vermilion Flycatcher//Vermilion Flycatcher (Female, immature)|548
1005|European Starling (Juvenile)|/DATA_init/nabirds/images_128/1005|Birds//Perching Birds//Starlings and Allies//European Starling//European Starling (Juvenile)|549
1006|Fox Sparrow (Thick-billed/Slate-colored)|/DATA_init/nabirds/images_128/1006|Birds//Perching Birds//New World Sparrows and Allies//Fox Sparrow//Fox Sparrow (Thick-billed/Slate-colored)|550
1007|Summer Tanager (Immature Male)|/DATA_init/nabirds/images_128/1007|Birds//Perching Birds//Cardinals, Grosbeaks, and Allies//Summer Tanager//Summer Tanager (Immature Male)|551
1008|Orchard Oriole (Female/Juvenile)|/DATA_init/nabirds/images_128/1008|Birds//Perching Birds//Blackbirds and Allies//Orchard Oriole//Orchard Oriole (Female/Juvenile)|552
1009|Yellow-rumped Warbler (Winter/juvenile Audubon's)|/DATA_init/nabirds/images_128/1009|Birds//Perching Birds//Wood-Warblers//Yellow-rumped Warbler//Yellow-rumped Warbler (Winter/juvenile Audubon's)|553
1010|Dark-eyed Junco (Red-backed/Gray-headed)|/DATA_init/nabirds/images_128/1010|Birds//Perching Birds//New World Sparrows and Allies//Dark-eyed Junco//Dark-eyed Junco (Red-backed/Gray-headed)|554
